Date,TCS,Infosys,Reliance,HDFC Bank,ITC
2020-01-02,0.006374160328507461,-0.002917709824807324,0.007349852762704501,0.017024429093664528,-0.004590226192274893
2020-01-03,-0.014260587520460999,0.015380517592098464,-0.0056285625679753926,0.0012049360879113902,0.01992890915395562
2020-01-06,-0.021641561291830258,-0.009584603087018917,-0.01425573274715819,-0.023192245854457227,-9.097043049599574e-05
2020-01-07,0.015834693567471136,-0.014820360202520644,0.0010634154601643075,0.015384623772301431,0.0024543351223200727
2020-01-08,-0.002617845206483782,-0.013325823243357626,-0.0048863188591699025,-0.007510165597352625,0.022394961864905305
2020-01-09,0.011214547853510837,0.013018606486605133,0.0068316726007620066,0.023031356836624273,-0.018135437290119905
2020-01-10,0.008887873415111658,0.014569317755679823,0.009329867144227233,-0.00022607161913634766,-0.00036156544402687896
2020-01-13,0.0025726410649780096,0.04795777921715372,0.005252113879435916,-0.0025521455345343114,-0.010480750177829123
2020-01-14,0.0027215753368372564,0.0027148214374752566,0.016718814437571616,-0.0092634664336666,0.007555869533224069
2020-01-15,-0.0040713326748333944,-0.010442972132049477,-0.003494146174609747,-0.0036290206033452455,0.00906261839712763
2020-01-16,0.0026475105001759758,-0.0007164704640094666,-0.006806984824423323,0.009220020206006652,0.005343611702239182
2020-01-17,-0.007377781380943138,0.0011081674609028092,-0.0033230337447801572,0.028025447984347585,-0.00879932541308237
2020-01-20,-0.018190366888758858,0.0007814080571708626,0.008126758820637958,-0.030771667011137094,-0.021968261353228047
2020-01-21,-0.008406918734214397,-0.00774281272126609,-0.014261946396133096,0.0010114628298985018,0.0003223449122344846
2020-01-22,-0.0028128767384342224,0.010098414900152841,-0.0016776309025727798,-0.0003586353285328636,0.016512801204021654
2020-01-23,0.0032235914924272357,0.018371754536404827,-0.0006301247698095036,-0.0042389674288206836,-0.004973184047728618
2020-01-24,-0.00024080873636700417,-0.002039799084680438,0.0010508114129517132,-0.0034713776654806683,-0.0034459245477800327
2020-01-27,-0.025189938853399707,-0.005940702775201645,-0.014906545073761102,-0.009858234746502381,-0.006480667145811303
2020-01-28,0.008242596991694384,-0.000128351716567221,-0.016410984562615805,-0.023099289106350396,0.006684225632044072
2020-01-29,0.01034176120230157,0.015038434222120145,0.025568883736518888,0.005503800282782523,-0.01334823766597315
2020-01-30,-0.007929788300170437,-0.011396721751481431,-0.01098665934742138,-0.024394406212827735,-0.007774508248477585
2020-01-31,0.0002040313482971623,-0.006084226748379273,0.0046998582048152215,-0.022233595974397335,-0.027503936089998127
2020-02-03,-0.02731801851461635,-0.011018849491871485,-0.1171592456666033,-0.018524546623836513,0.011278951807444093
2020-02-04,0.0310193707376214,0.02664843083413193,0.038776634221092676,0.029520045928430827,0.0024968398209499476
2020-02-05,0.012075129153317876,-0.004188598551436273,0.0037096143429353745,0.015493408517352592,0.01840879983640309
2020-02-06,-0.0038966339965991192,-0.01682495735657863,-0.01339799067892633,0.006420461079981399,-0.008478874656340896
2020-02-07,0.0019356681657067831,0.007713702432590397,-0.0007025152892738973,-0.016565983584041932,0.0038524667529955536
2020-02-10,-0.001529378625737987,-0.005274598986092727,-0.013355210402493323,0.0013602222035695721,0.011888405680384517
2020-02-11,0.00024179602806118083,0.0004526291072393107,0.009736316955837987,0.011946244749758472,-0.00395462337296093
2020-02-12,0.006771041479654238,0.009695580961227579,0.002116766718174956,0.012080483966928401,0.008057376269783312
2020-02-13,-0.0060848264219941495,0.014339649135315824,-0.0053978699037232625,0.00261839085280835,0.009766019652259317
2020-02-14,-0.017762332141170067,-0.00732085280632544,-0.01982043466167327,0.009124006692283304,-0.003535672157777281
2020-02-17,-0.0018040943185456682,0.0038145459074556687,-0.013962420724579871,-0.006285364980122887,0.008721620874119651
2020-02-18,-0.00320440465606997,0.01038702048026896,-0.004638878615395692,-0.0073398202484712405,0.005673332195291314
2020-02-19,0.011497967107237494,0.0035103061087733423,0.013980877588381846,0.02480584059314883,-0.008755465937544948
2020-02-20,-0.008230060261499306,-0.0043100831987152866,0.0036284760816067685,-0.011869804765940462,-0.018007238932900682
2020-02-24,-0.005874649161280221,-0.0014430026004527141,-0.021450954860497418,-0.027591796364982546,-0.019217935614141757
2020-02-25,-0.007975442675094424,0.003204344670815651,-0.005911377233642212,-0.01975843820949863,0.019287232714979563
2020-02-26,-0.0008746496864801001,-0.019601754972057517,-0.015857169496854118,-0.0172268506879123,-0.015096202437532291
2020-02-27,0.00016667925806124195,-0.006260038803093337,-0.005287261903091478,-0.004130723520571422,-0.008523513361498813
2020-02-28,-0.018175004040035914,-0.059330150356742495,0.0,-0.04155100961800129,-0.050035494763773225
2020-03-02,0.0016557784369275463,0.012778313969280308,-0.011389402530205261,-0.009407849520411848,0.0005750891345144282
2020-03-03,0.0018651070172206463,0.00802910010816027,-0.007424356097875506,0.020286244892649075,0.01743857133153992
2020-03-04,-0.027881120147805416,0.01572965606900656,-0.03275729400552829,-0.0023456846443560275,0.023082122764621182
2020-03-05,0.0021759591125649624,-0.005469365310033503,0.0029333938562328132,-0.021310708097427522,0.020089361920043736
2020-03-06,-0.014287478087007699,-0.020739613673087742,-0.033501992049185025,-0.03062220583649078,-0.004047043626466351
2020-03-09,-0.02431936087126174,-0.04668795260495129,-0.02503432284816287,-0.12340661600814451,-0.06808562445160893
2020-03-11,0.005869993733583323,-0.02619030045338444,-0.008747032226306461,0.03536332207049453,-0.00945579815843589
2020-03-12,-0.08304899432625656,-0.0798837442398127,-0.11300890569116706,-0.07849690852654345,-0.09410352011791101
2020-03-13,0.04748859380951642,0.01766484387387557,0.04139929301059553,0.039793102129367375,0.02059520613192012
2020-03-16,-0.06571331559099391,-0.09216131893806068,-0.09245001349503268,-0.08106393818957569,-0.06084268559146955
2020-03-17,-0.024412142147727578,-0.048358258041530044,0.012903306133803305,-0.007581094540127564,-0.022636215916859603
2020-03-18,-0.10070754159002515,-0.03721055043975108,0.01039225873937144,-0.039186361035117745,-0.0021712410961473028
2020-03-19,0.021268065215991783,0.02105563259991383,0.07398811084246892,-0.05245228378473832,-0.0036836967945371724
2020-03-20,-0.014181281163618165,0.07267887196235812,0.08433730338533252,0.10924046355301131,0.0984509059478238
2020-03-23,-0.12606899149157003,-0.10039304693579909,-0.12079786403080661,-0.13153893049004917,-0.07107304903828615
2020-03-24,-0.004989928439218083,0.12033448888192066,-0.029811933871661034,0.0671342377636841,0.020033850976078016
2020-03-25,0.11599585749765051,0.0278059642111681,-0.01569802473887716,0.14718044620741622,0.027683999105029278
2020-03-26,0.05176527060252045,0.060705908103920736,0.061418334116960516,-0.01483029026084437,0.023224472355180215
2020-03-27,0.0037178174482910276,0.015085770972144585,0.04347816184870279,-0.0005626618036580489,0.018733004218677518
2020-03-30,-0.08049085580223792,-0.03983473042266583,-0.024509659800468042,-0.032986165348995455,-0.025212452189918855
2020-03-31,0.036373440132378976,0.023616005295353126,0.07851757529094727,0.08083856794482025,0.026764275368721835
2020-04-01,-0.03741752220379224,-0.060327708751559905,-0.03086787542557734,-0.029899034766759702,-0.06426261813669087
2020-04-03,-0.019044123146797598,-0.028367465953302196,0.06911035592273063,-0.0027766461937652753,-0.031924089151794344
2020-04-07,0.10106287922857726,0.091002286364674,0.02051750991460577,0.11940241335503332,0.07314710913916134
2020-04-08,-0.008034718451907952,-0.011580711545684852,-0.015973533095402614,-0.011566363462567453,-0.03929127155988976
2020-04-09,0.04066818911823589,0.007362278086594953,0.036943800489356304,0.0233193019327671,0.03559180394751871
2020-04-13,-0.032106497535563605,0.0018076922261085482,-0.019703333086009134,-0.025246987600125337,-0.003906599469179595
2020-04-15,-0.03579586469763962,0.002588408117306651,0.042676362189721484,-0.033048735083833436,-0.01369929296999528
2020-04-16,0.019054807502255633,-0.023785509702673124,-0.015843690138279687,0.015828307179058143,-0.011007566060901586
2020-04-17,0.03472570145785103,0.007854755454042905,0.009390930349859605,0.047900012451604024,0.052533093858298185
2020-04-20,0.03795444509523005,0.039045646758342656,-0.039340938799629965,0.016176609102993122,0.006893139472586185
2020-04-21,-0.02455404121948257,-0.030766818692985365,-0.0060874482658500595,-0.005185738281849428,-0.04453827646821518
2020-04-22,0.0075407704166710054,0.013660799751950226,0.014755169372488774,0.10203257796771759,0.018328991562218455
2020-04-23,0.02837596994358904,0.05834708186570414,-0.009327997005328492,0.005353589980003903,0.06145811730305395
2020-04-24,-0.01769718980135182,-0.03135607230397475,-0.002769183635101813,0.03362755340134549,-0.031784778629499466
2020-04-27,-0.008901465829204369,0.010030465879014239,-0.0011107725973272808,0.008997855535168853,0.00992554316247718
2020-04-28,0.001828651291523542,-0.005868178930025891,-0.002224132071807383,-0.0011191632079293745,0.012223724731193375
2020-04-29,0.04906580592884047,0.023989704875240436,0.015045743572115633,-0.000840217319654224,0.025066549462531507
2020-04-30,0.02527891465302967,0.05757137022645509,-0.0005488108656959145,0.02736612028127694,0.057093193498267025
2020-05-04,-0.07865842633361075,-0.058420570048017595,-0.04394376750144158,-0.021009497484865025,-0.041698636146313084
2020-05-05,-0.012513544954728228,0.0,-0.0008620086179192965,0.017732520445463473,0.0011912470221588922
2020-05-06,0.03834553136373797,-0.011577618109196441,-0.05750433062987004,6.856137681698904e-05,-0.015082149432586456
2020-05-07,-0.022612040404084377,-0.0014267124736484504,-0.017693750896471072,0.03162769801811427,-0.006277296556179923
2020-05-08,0.0043783764353202415,0.013910639136087921,-0.017080774340583194,0.03639797988083582,0.0009250612355471421
2020-05-11,-0.014261779064671853,0.012904220239779773,0.0012635905328488573,0.009604258192679183,0.022129526763226215
2020-05-12,-0.015560235681912893,0.006955774099656642,0.041653666198220085,-0.06186578219651362,0.007337359128846366
2020-05-13,0.028950246831347837,0.00945232364759474,0.0021207984236066846,0.02121671471255704,7.688799456384565e-05
2020-05-14,-0.036597923750059325,-0.0518620438137708,-0.009673574423278208,-0.04042910386089427,-0.024260787530996475
2020-05-15,-0.006210150518710655,-0.008888478769295882,0.005189147439826236,0.016330613603718236,-0.0049676684014745565
2020-05-18,-0.057985621042026425,0.017783170698162598,0.0006072690048983809,-0.012779164818710775,0.02784113076407313
2020-05-19,-0.007171521928935443,0.007079411204574004,0.03641898718336134,-0.022106518418705923,0.0015674741504680956
2020-05-20,0.03184237588344385,0.0014209513351524095,0.029282525303208295,0.017602486031946585,0.0025401641124405128
2020-05-21,0.0028585225676376336,0.0039579536908385116,0.0751068146545486,0.005266022217389255,0.01924658369696508
2020-05-22,-0.02408240889761304,0.02997593568732393,-0.013760215536197995,-0.006730323252446269,0.014639566943164262
2020-05-26,0.01615322014295284,-0.017043386906725244,0.028709232527760475,-0.005239093844093046,-0.0382856496259274
2020-05-27,0.060124318188278236,0.03658826031928797,0.0023474368267664136,0.0150978283317591,0.03206376811127032
2020-05-28,0.04603547406333863,0.0027641365466537504,-0.007806355196849024,0.018470396829767477,-0.0004986783072735701
2020-05-29,0.006770793637635331,-0.009886791209991697,0.03514314075280223,-0.005331935254455522,-0.015940596921367622
2020-06-01,0.037828900815711775,0.012373330228684587,0.01621461963667503,0.038206779128528545,0.03696100237258615
2020-06-02,0.013516979427829812,0.01222220229844484,-0.016454881812747124,0.010096337154170465,0.0009289464861539365
2020-06-03,0.021228728333716473,-0.009250237790164095,-0.0027880792113199604,0.0038744980859852785,0.0024494417586917727
2020-06-04,-0.020102608376851627,0.00883765383535029,0.017539219415577456,0.024746268101915048,0.022188106901679383
2020-06-05,0.031596134245374774,-0.005934451025407017,-0.0007494439887714144,0.0012025189589655039,-0.020702432409250182
2020-06-08,-0.016886808966313227,0.024589705910623483,-0.011750025352908255,-0.007713161910176902,0.011473428026856691
2020-06-09,-0.02815232648424837,-0.004508558211166802,0.004300601530843773,-0.02061160015421193,0.00014482592595088661
2020-06-10,0.004608574650946773,-0.002438462274635067,0.0027707328112758223,0.022769515053459255,0.01771196116322904
2020-06-11,-0.023441127075340962,-0.016623544188059003,-0.024114529012677632,-0.0219126293951718,-0.01949039422719423
2020-06-12,0.014608771876018611,-0.016904756951001576,-0.001801780423112076,0.03323133494543162,-0.01361454892917291
2020-06-15,-0.03347752001186033,-0.006502579220059035,-0.03455377633717116,0.016207037675578073,-0.004706808654292516
2020-06-16,0.042691073997214835,0.019853229710791176,-0.011752155526287833,0.0019510448222976873,0.007832904744477842
2020-06-17,-0.011258105231324644,0.0034941912555772614,-0.020540666410476027,-0.0014527269710442603,0.0009773830997641397
2020-06-18,0.04156241854630238,0.014566679527274085,0.02980156572581727,0.02510302609827142,-0.004736732961429069
2020-06-19,0.01313775652839655,-0.011696175086102656,-0.013665926843022147,0.06250385145822435,0.0031892625398806107
2020-06-22,-0.004451527921403575,-0.0026221406003709147,0.005161872905358411,-0.0075310111870499075,-0.008143462554656922
2020-06-23,0.013171386689694087,0.024086933400785382,0.004594442430331691,-0.014460349213462842,0.003624521214381282
2020-06-24,-0.009402249489473213,-0.009019715305481069,0.03228436214089192,0.004038472971698237,0.0033900929008467973
2020-06-25,-0.0036320566130503273,-0.019113459758769324,0.053426885062277885,-0.0057585908360036075,-0.012780295891882454
2020-06-26,0.026925998275443064,0.0680941176046892,-0.03414148034711795,0.01382501277478565,0.050964526426138024
2020-06-29,0.01855275415661084,-0.021986155110010897,0.010501955202620872,-0.010622048563324049,-0.008117863862185826
2020-06-30,-0.009479354424422382,0.00573971658054484,-0.013181208259011479,-0.011055317767147188,-0.00927820862574158
2020-07-01,0.017591695687497078,-0.0055029974062821285,0.042383788019703106,0.0196584346679034,0.00475511252305294
2020-07-02,0.004425658911633601,0.03374769403763134,0.014539437663148469,0.017215469654514592,0.031117249868604535
2020-07-03,-0.014181987074084579,0.008062456039344301,0.008258369902784501,0.01565018605757973,0.01970256722904784
2020-07-06,0.027049422352157126,0.0017043022306981737,0.014166443980980103,0.035740238542305125,0.02889048035108055
2020-07-07,0.0019491810798804021,0.03946347621054214,-0.02777794921280463,-0.01530938237212709,0.0029604180331512797
2020-07-08,0.004705341528799201,-0.02449167962359322,0.010553439727781555,-0.013957022810860642,-0.022467869702650467
2020-07-09,0.01314909633187722,0.009035836694597066,-0.0043301188244666555,0.014599501369056522,-0.006557350834100917
2020-07-10,-0.01764518604712706,0.00019193599862310506,-0.005628053324248317,0.029491635605098265,0.008165752746829957
2020-07-13,-0.02248662994961259,0.01944097200468131,0.01646518570458877,0.030324037291391992,-0.0010576125495180833
2020-07-14,-0.019810260017827597,-0.017313735547708653,-0.008352137219896139,-0.009302372496982625,-0.021644170310640698
2020-07-15,-0.005383222961926504,0.06090000616451152,0.014292941388716729,-0.03808031315962934,0.028522811897740974
2020-07-16,0.008925595117178053,0.09633540686436848,-0.02440881988186905,-0.0003253496267531242,0.0026249607431292343
2020-07-17,0.0337865792236256,-0.008616789743699393,0.001031831017330731,0.03705103276811994,-0.01521463255068023
2020-07-20,0.03149887330547041,0.034490274395173826,-0.0069569883921052345,0.004289379852335351,0.0032487367525193545
2020-07-21,0.00485427506519831,0.0026224951792037654,-0.002335242384866043,0.026902389411014083,0.007767948524625146
2020-07-22,-0.01071549568845731,-0.02012282954567135,0.022366666721841177,0.016459157738078378,-0.015325578078396629
2020-07-23,0.0035957982275023337,-0.010840018606970703,0.021114379175243725,0.02684636517631178,-0.009014432010958084
2020-07-24,-0.009996498717203428,0.016410510043314064,-0.0054808312613898735,0.04293415382425536,-0.006355794155651462
2020-07-27,-0.03538554235321201,0.027740250533242916,-0.016032304947995457,0.004682764808810358,0.02289799441277296
2020-07-28,0.00662340919120763,0.015182653858973216,-0.005091562865444321,0.009971316195633628,0.04665137415688192
2020-07-29,-0.020291633749833782,-0.009035755898561981,0.006652935946546812,-0.037218110921308,-0.014590679321237254
2020-07-30,-0.01310354612401754,0.007650930939647305,-0.017030857686433865,0.0058187405780836254,0.0015159066290115764
2020-07-31,-0.01698943975113676,0.004732367962436701,0.004137482549190441,-0.01979755256441007,0.0008336546228351338
2020-08-03,-0.02982192832522279,-0.009420373911737001,-0.007983437540175609,-0.028106950258658725,-0.011944248586267414
2020-08-04,0.039570886976052044,-0.0073675707661166046,0.005451934561089056,0.07048276447066937,-0.001974356546791567
2020-08-05,-0.013536202851701984,-0.0054217732801927765,-0.004389681183497696,-0.011229438603178599,0.004355991792606373
2020-08-06,0.01279732889537244,0.02768080616292168,0.013226177916819681,0.0035974829836289413,0.02150931812022594
2020-08-07,0.0030269108067186856,-0.020548932514127594,0.0035832200437153627,0.005787086313998158,-0.005523925958335063
2020-08-10,0.006514347107793084,0.00047305579154710564,0.014282111468723047,-0.012392500571459353,-0.00546767962357575
2020-08-11,0.015228641838408219,-0.00304825340501369,0.021121607497387007,0.006580603342408731,-0.0012704795030340499
2020-08-12,-0.002765810040043948,0.006853347958931888,0.005663644626134445,-0.0029056200849382208,-0.009890916553629503
2020-08-13,-0.004371343305716424,-0.003926978584306351,-0.013467224445656734,-0.0026085067308077026,-0.001284489886563378
2020-08-14,-0.02322850111129382,0.002523003825909864,-0.02506842070084947,-0.0038877881206855758,-0.005455942807985448
2020-08-17,-0.0016432301273434646,0.004089949043004859,0.011965511975537302,-0.01062059070046839,0.005017480114758888
2020-08-18,0.022996789307182963,0.010496066719537733,-0.0010061919582096124,0.013005869079605992,0.007255901397969611
2020-08-19,0.009559738469318457,-0.008526730565540985,-0.000503652784895392,0.006136257615441565,-0.00579364024151352
2020-08-20,-0.007125397941452394,-0.004326073122908336,-0.013353624559532706,-0.016185397670764212,-0.001661637031901364
2020-08-21,0.025165208135903505,-0.006648193023718663,0.005107266305237168,-0.007248272709288295,-0.0018863607362394896
2020-08-24,0.02892278500442136,-0.001475487388338581,-0.0005082325281551281,0.006676731258899782,-0.00022262947005813327
2020-08-25,0.00237231473401045,-0.009816426587277771,-0.006608966913001835,-0.006513175490019951,-0.002424335424311641
2020-08-26,-0.0011163614925611132,0.01353804900091271,-0.002302974599185603,0.026511708914647825,0.004838100626532116
2020-08-27,-0.00567746369210631,-0.0039441191438992496,-0.003590674163458929,-0.012492410902101292,-0.0022630556479678043
2020-08-28,0.002158052611890282,-0.012459633445565221,0.006692425193227436,0.0026295171108348114,-0.004380680313001428
2020-08-31,0.0012114206578444087,-0.007110423958700762,-0.02275628908893168,-0.016752078361851108,0.00835296860957957
2020-09-01,0.010261286040220474,-0.01556108503174547,-0.00470948480727762,0.0031479748061093993,-0.004828704186142119
2020-09-02,0.006076585185945671,0.010775094819362563,0.006046178326132745,0.019619163075042634,0.008369169411188926
2020-09-03,-0.002865740093657254,0.012499997155937193,0.0013065099325937357,-0.007565066516824759,0.015164678140314303
2020-09-04,-0.010257379214995033,-0.017529801096314857,-0.025574077953235075,-0.01650027541565824,-0.004653517327597778
2020-09-07,-0.007862227765916274,0.006418802340991014,0.012854668528624602,0.0025996107031616145,0.01671226465701392
2020-09-08,0.0017560168325081449,0.015404750058028771,-0.005023706023640662,0.011739949274959915,0.00908846380649897
2020-09-09,-0.014337580694435248,-0.012296462795474583,-0.023119809017948523,0.025746207729758774,-0.008751205770934911
2020-09-10,-0.005426519317275669,0.013258000642652812,0.00598499865659452,0.07062712173797525,0.001503412657297476
2020-09-11,-0.010911899660866697,0.006010259873814761,-0.0051381402251474695,0.002485057949201286,0.018424407866296955
2020-09-14,-0.01919062819313111,0.03457749855706016,-0.0032616566084414655,-0.007414759166844309,0.04940861717835787
2020-09-15,0.01186271773060299,0.004139484156699957,-0.00845401588534056,0.007079284289362553,0.0
2020-09-16,0.021625354708536326,0.019644726104193877,-0.0063254317583059105,0.002458033364331591,0.004655622300832052
2020-09-17,-0.009189341683480845,0.009233888160382397,-0.011347720118048299,-0.011098999578669999,-0.016799597710370984
2020-09-18,-0.02427111141875693,-0.008753752207170451,0.002799224854025395,0.0030234014976706636,-0.0044903014162012145
2020-09-21,-0.0075663089654781635,0.007733337305207755,-0.018704575162382553,-0.021620184521228936,0.006286060250408898
2020-09-22,-0.013246955984521858,-0.002376424800140775,-0.008819369614355477,-0.019815258319951234,0.023384515275024276
2020-09-23,0.011444818925107736,0.012158743294884866,-0.009758924559115312,0.008886644301009605,-0.021998005580020186
2020-09-24,-0.01608987226995995,-0.043490995073978245,-0.03449261847541807,-0.022233980550245058,-0.05479334124435342
2020-09-25,0.013198887549673133,0.036959202186045204,0.025217360360119345,0.009398380355679858,0.03861063830614064
2020-09-28,0.00976993200748022,-0.0010381574838621566,0.014934274167951234,0.006608517193320784,0.0016514498417712353
2020-09-29,0.007920901864082897,-0.0013856022622394937,-0.022504160211166635,0.012995002599522909,0.025594141159004602
2020-09-30,0.01510521122600772,-0.0007433515940526991,0.01357701460890115,-0.004766071228035518,0.001567404184722232
2020-10-01,0.026283998185476998,0.009323168467731735,-0.004950161883672366,-0.004072769088981243,0.012498813871257175
2020-10-05,0.006684972004103784,0.030511365858737705,-0.009364963989683228,-0.005864528774354838,0.07226222891660927
2020-10-06,0.02669717137525862,0.006722703001854624,0.0038403650914444754,-0.0008362908868450036,0.003141273900137964
2020-10-07,0.015864041745687896,0.010229719480734145,-0.002354332412960125,0.021331513357293774,0.007976138886804929
2020-10-08,0.02542491004028191,0.025455774497154637,-0.013864109526418367,-0.008084308349265656,0.03280428012800973
2020-10-09,0.03503101922792018,0.011977862694318553,0.004187746697189132,-0.0025900749400705747,-0.004512175466563129
2020-10-12,-0.01613226600514306,0.022858704400738006,0.025916063983119297,0.0016118884745544015,0.006060855032140822
2020-10-13,-0.01252433091962113,0.022701128151392025,-0.011904907651641872,0.01951238708463121,-0.0012189798159760734
2020-10-14,0.010889239891051616,-0.01796508449908074,-0.013811263174714483,0.0029815806331707773,-0.001758856055172342
2020-10-15,-0.0348742408259779,-0.02528578699606776,-0.016388600541284992,-0.035409924043243834,-0.024558259000069138
2020-10-16,0.025743018641572357,0.017369785415845218,0.003938271235997215,-0.013913446747121583,0.00828262280276948
2020-10-19,0.0035019071419175596,-0.0014192054786279495,0.015389117365927962,0.0001838028658276425,-0.01872768499808275
2020-10-20,0.016949860370774728,0.010302711551089416,-0.004754842050799901,-0.00932812140858541,0.010123597882629287
2020-10-21,0.018587335934168392,0.009538640330833514,0.0011945084206488321,-0.014518282091529722,-0.02322027615605593
2020-10-22,-0.01074846645046712,-0.016806871917528166,0.005367984985918284,-0.008307562007672242,-0.0015885921584265494
2020-10-23,0.0020271700772600543,0.004879030360990466,0.013052545179050634,0.0028952437708624768,0.005858952878464496
2020-10-26,-0.020148928495112628,-0.008953239424370874,-0.012884371340031175,-0.03972936228483259,0.0005211608629920317
2020-10-27,0.018333404110458806,-0.019416638885518145,-0.008009280362454296,0.002661365076359834,-0.021594616070418793
2020-10-28,-0.01905769535070534,-0.013109151980816525,-0.01016737298039816,-0.011329640195266277,-0.003022323006830696
2020-10-29,-0.018518362645426167,-0.0015789650961575141,-0.009969874964518843,0.00768107173499577,0.003984941307862311
2020-10-30,-0.0030744272805838246,-0.013257719182838912,0.008544363010311917,0.013616860704657174,0.012231215567032772
2020-11-02,0.026783649241311158,0.011031618770245055,0.009077180951592378,-0.08617671183037945,-0.02260900118319653
2020-11-03,0.026908058089963438,-0.009092546704492555,0.020090010134578673,-0.01440777412099814,0.011133743958538389
2020-11-04,0.007572519374076991,0.029551450705266546,-0.0017637900967015785,0.03393858360452051,0.007423294409226955
2020-11-05,0.009384413278659354,0.00918683818997379,0.02915214254256515,0.021848216133217635,0.012268519601186023
2020-11-06,0.030294709940723363,0.00792574245704869,-0.00457809432228673,0.037928342099446954,0.00809857661126201
2020-11-09,0.025159563983284672,0.021388427465733884,-0.006611113283487624,0.010620188633973626,0.007072894563871168
2020-11-10,0.03961081667680766,-0.0400333051682733,0.03211814427578963,0.016506608669190737,-0.028240171370707112
2020-11-11,-0.002654965951518151,0.02882533672411336,0.03896831349595331,-0.04190354754849168,0.014417387465079479
2020-11-12,-0.013130009973121859,-0.004231684657806878,0.014570897767155255,-0.008612117325911162,-0.006231981260720998
2020-11-13,-0.009404436428612328,0.00577049460983603,-0.00478714141929415,0.008282904314463435,-0.005316354841635396
2020-11-14,0.008021882361912702,0.008227993618560747,0.008017124458788327,0.0029553057788427317,0.005081198546336374
2020-11-17,0.02829082384671322,-0.008601941639486355,-0.006627801142343959,-0.004519828476028498,-0.0016100789144614103
2020-11-18,0.00017733394067320774,-0.011702309938729671,-0.017614244177745264,-0.003035206436244886,-0.014778432991457424
2020-11-19,-0.024384125406478274,-0.012426292246365711,0.020918287513907563,-0.00707026999492788,0.003902386753208864
2020-11-20,0.021319320753995008,0.006017785380637131,0.020223684653412954,-0.03732602493313464,0.008854983745238965
2020-11-23,-0.006447629252365861,0.033080967509777626,-0.004434126725824994,0.026954480838923267,0.0240578779982632
2020-11-24,0.03126346043324557,0.00017548398147537725,0.024626632674413784,0.006843669924466278,-0.0008074869360519266
2020-11-25,-0.02461411131505531,-0.02140249193401844,-0.008693452663369183,-0.008273751362401494,-0.007622931227639573
2020-11-26,0.01700176569058942,-0.002196106097192785,0.004900607392145373,0.00246436807790551,0.007144539530501648
2020-11-27,0.009953429851002893,-0.01185771932632751,-0.005903099244516041,-0.011676903075513834,-0.015051640692899215
2020-12-01,-0.005240013044799707,0.03440897233264373,0.0038728735347446364,0.013006576143982596,0.01759551007855853
2020-12-02,-0.018384187316810685,0.0026806977272322285,0.00797306680599652,0.0016625368915179628,0.008343261478009234
2020-12-03,-0.02114511691695453,-0.012665574137305624,0.0012760421662307841,0.0030131027210795747,-0.01458441823928236
2020-12-04,0.006099444556480371,0.0072795085066907905,0.010193604382239263,-0.008808328826548362,0.006680357205868459
2020-12-07,-0.009634800991216497,0.007799760541332468,0.02497463742302175,0.005881579741621845,0.0037213197812082655
2020-12-08,0.002951356017779627,0.008614074997524535,-0.0034457392019113797,0.018154387044979403,0.02176992754929552
2020-12-09,0.02245157421435362,0.018944798310930988,0.014571735697589183,0.01665207900508281,0.004826176875263988
2020-12-10,-0.015172039874217336,-0.006339310640380624,0.03554011111707145,-0.009842446478501188,-0.00942779631657542
2020-12-11,-0.0022007455659138753,-0.003896297591068798,0.016925387810549086,-0.0005978522657019703,-0.0002514048079295117
2020-12-14,-0.007701657177415999,0.0011603959508452721,-0.001849196384361762,-0.007228984873892785,0.005065327989485668
2020-12-15,0.013956115193999752,-0.008543982377280934,-0.010884789023441144,-0.008512104448712421,-0.012921322773292054
2020-12-16,0.01394363539572141,0.009613708432317125,0.002107240530991872,0.0011142335892577737,0.01906553578141512
2020-12-17,0.022045879628441067,-0.0055761321180261,-0.004439264301097423,0.004578780023514417,0.008527997671804677
2020-12-18,-0.021119384874194402,0.026397579425402995,0.0068058391775673854,0.002996530825110977,0.008033176064209835
2020-12-21,-0.02742051071697693,-0.010505990261694631,-0.05384602546307238,-0.02603495984524773,-0.014278202814455576
2020-12-22,0.000327676362413154,0.03669407945491976,0.002217398764971401,-0.0015466271979600599,0.01856277011600116
2020-12-23,0.0018572882184122452,0.026669391886011695,0.021386191706090463,0.0036918832295103066,0.012619903664707666
2020-12-24,0.015592516079445451,-0.013566794574211727,0.0040915631697471255,0.025876508917693997,0.0002061316506423161
2020-12-28,0.011273316110211429,0.003438233792493639,0.004314393643250813,0.004588453656152236,0.006891579163590178
2020-12-29,0.01015673730697464,0.008062695769155859,0.009785419671526352,-0.006614187767380986,0.00037546875830374304
2020-12-30,0.0037135569299637794,-0.0027994894774596712,-0.0018909987837401054,0.0027386146903463082,-0.007234107175921767
2020-12-31,0.0026528673540231473,0.00721856280032851,-0.01018236264684913,-0.005111502127712719,-0.016000198531429644
2021-01-01,-0.007832651241001298,0.0037027234169513257,0.0232057105059138,0.0011082235749022562,0.022879915686544683
2021-01-04,-0.006350714792294543,0.022055833766050803,-0.002104098565262169,0.0016855202654568746,0.03797479326664699
2021-01-05,0.0075564870708564325,0.004308138230701086,-0.009137886491768055,-0.012431929793933927,0.01761844184451844
2021-01-06,-0.004310604924599004,-0.009043285416578284,-0.028611760872720216,-0.026372034545348977,-0.013417393172384218
2021-01-07,-0.003026921218124423,-0.015560291071646248,-0.012658356544855143,-0.001619436386914308,-0.006128119905825846
2021-01-08,0.010873726471707368,0.03957525850350385,-0.006410469524771423,0.011799224494605465,0.02904882917914775
2021-01-11,0.013830069075628115,0.04885292918152517,0.00496289206487055,-0.018849963509777412,0.0177993324256307
2021-01-12,0.020358934028852804,-0.00323348663283618,0.019506128266555844,0.03151942967510557,-0.0005035070138056374
2021-01-13,-0.0069884027861716325,0.01122649605913173,0.02325024659746555,-0.009325288741423021,-0.005008292374834911
2021-01-14,-0.0012918931992891292,-0.012002941356406782,0.013727753984067004,0.011244096871706466,0.031002906003508635
2021-01-15,-0.0014298352341937104,-0.018642934935036992,0.017277657290986292,-0.011807694338330621,-0.005337449641554914
2021-01-18,0.011215871744092665,-0.0244615571624891,0.008721712611932553,0.02400073645120826,-0.0035874926675264485
2021-01-19,0.013991079585333743,0.0035058271747263614,-0.004095754901280224,0.01635621513581742,0.012089609017308822
2021-01-20,-0.007879667149065517,0.01731645043834562,-0.005483041367635999,0.018994221045413484,0.01475145842412151
2021-01-21,-0.011528207959680792,0.00018675808564672103,-0.018148360113979023,0.021754928771207105,-0.010562831800587591
2021-01-22,-0.021189229283249955,0.0008583678548741425,-0.014038501199835296,-0.023720930858817546,0.008934477261457907
2021-01-25,0.013369657844000793,-0.011746337924053551,-0.013763682669579724,-0.05298605406515844,-0.0035723285533266758
2021-01-27,-0.036401569356856345,-0.018187185546692852,0.013715148751143103,-0.02369906828307311,-0.009190978378857295
2021-01-28,-0.027064337447391784,-0.019062335760712923,-0.01922597399997905,-0.009736191724542431,-0.019778715179371464
2021-01-29,0.01389050599444186,-0.029109712766652196,-0.01621514115278444,-0.01843801877393625,-0.02665394370105323
2021-02-01,0.06202800267228814,0.017634352092112504,0.0624846003408035,0.02896386112710725,0.008999232346572184
2021-02-02,0.05674612331186335,0.008208434408296661,0.01041919937638247,0.016092435500643543,0.020418313698959967
2021-02-03,0.009131438120157487,0.010541000025524383,-0.006645297125612348,0.0025184522356251904,-0.0010614784971959557
2021-02-04,0.002730519383004948,-0.004125917777617283,0.06089954075738091,-0.0032890292113817443,-0.003624824984410524
2021-02-05,0.01171550452914194,-0.005666834197923909,0.019134733927620884,-0.00028596091401167367,-0.009565849582394037
2021-02-08,0.0047884843401178045,0.024722864627480634,-0.00533400118322136,0.014399045815253864,0.01778056161883823
2021-02-09,0.004111498185107365,0.0015343603534219152,-0.017589065612671928,0.0024084390002949707,-0.011573991562758623
2021-02-10,-0.018674288992967636,-0.006932067733012248,-0.006331808476711331,0.009278452173311136,0.011457790350249741
2021-02-11,-0.005942698134547175,-0.0029694695661455217,-0.004834115493126845,0.0412297991901609,-0.0022716788435497293
2021-02-12,0.006105353181735218,0.013267355027121619,-0.039743805372885244,-0.006859033022364458,-0.004741332609386251
2021-02-15,0.021903557575526422,-0.00011444320943643227,0.005288494649904774,-0.004408230930642798,-0.015967658170019883
2021-02-16,0.00621670370407279,-0.014698900499457213,-0.0016011022658354301,0.013234242516434458,-0.009888911231814679
2021-02-17,-0.02468267704463889,-0.007051926395357011,-0.002290865879685522,0.01153204477210612,-0.01148367980465237
2021-02-18,-0.020296147787949192,0.008701974264198942,0.005051495459490463,-0.007464412341728566,-0.005125177230484446
2021-02-19,-0.009779421159957002,-0.0008897486323320436,-0.013251031671302482,0.006093621630911539,0.004742698130468126
2021-02-22,0.0057827311214666555,-0.020211940809145568,-0.017590912305985196,-0.0347064663791663,-0.03691577994362605
2021-02-23,-0.012177075996516629,0.000908802262843178,0.007003042579710073,0.007643946559272363,0.00735167627277078
2021-02-24,0.050550788671662295,0.006277875373026598,0.0016786083609610092,0.018557508779128318,-0.010771163427707897
2021-02-25,-3.088681418639272e-05,0.00019652392058477908,0.0014365686224304675,0.040441558975926606,0.016010464028564986
2021-02-26,-0.04482079919733517,-0.01667285533731233,-0.02534068285432256,-0.027304312367525507,-0.033719347265370736
2021-03-01,0.015967074235081702,0.010931064523574063,0.014962090824908403,0.007623014376160198,0.010330390027708303
2021-03-02,0.0059658988977600025,0.02959743357721889,0.014499670144348498,0.0020459130191070596,0.02809341039946056
2021-03-03,0.011892511857050314,0.029935126298032078,0.0002383074236045335,0.04563155527486451,0.017546193869356408
2021-03-04,-0.02193029262426882,-0.0098248293834583,-0.0011908834226734832,-0.01192051806174299,-0.003073002582827611
2021-03-05,-0.014206955662915521,-0.01026044485831723,-0.005484076905368895,0.0013098515647971265,-0.013657092281619487
2021-03-08,-0.006862807530396697,0.014467916515761736,-0.0026370477425426975,0.005691540628707026,-0.0003654249766146256
2021-03-09,0.02829884381086356,0.007336959596581316,-0.0009616569951937937,-2.2853322034444012e-05,0.014632546245030298
2021-03-10,-0.004319915591155521,0.016795813572951568,-0.006256180191739347,-0.004153256159832863,0.006555279504939282
2021-03-12,-0.0024426180265972874,0.004897163419594008,-0.006295190400088413,-0.020325797845678673,-0.004232952831999426
2021-03-15,-0.01501330179036886,-0.0009092425641306079,0.0012183556247638005,-0.013426283899850788,0.002681189477166779
2021-03-16,-0.010793934980260822,0.007571298157620587,0.011681508801638874,-0.003935710704040418,0.014317808190504655
2021-03-17,-0.011110041967349105,0.0021676551782110476,0.013230951493110599,-0.02154146050132022,0.0009323397909244413
2021-03-18,-0.002908949752098877,-0.035977028064879235,0.03347555371384692,-0.022502310528781044,-0.02455870629562862
2021-03-19,0.004359558653896034,0.005497164822749756,0.024351130006585286,0.036284878657456554,0.0045118049936141436
2021-03-22,-0.018931714513975906,0.01959917133664768,0.01368012173341615,-0.00941404185653616,0.02604742538409499
2021-03-23,0.021100800735469605,0.0005472584476067244,-0.016814259088105632,0.012170395986582427,0.004138089209784868
2021-03-24,-0.014231972535534432,-0.012978197461341323,-0.028127596377216513,-0.01925758032508873,-0.006841700821278218
2021-03-25,-0.010447694075105263,-0.014736729107841517,-0.020143631018317287,-0.027279725922613518,-0.01802250960312146
2021-03-26,0.019100063877662166,0.0017992866478728775,-0.003307940442211499,0.0016068113878395796,0.0006362985353285389
2021-03-30,0.04184259988148353,0.036746017769186956,0.017306588580657367,0.01737143759502624,0.02991721171531747
2021-03-31,-0.0386496992343619,-0.012452393383601268,0.01841065923602181,-0.012910772663699777,0.006110502917605842
2021-04-01,-0.004619563951266059,0.012536330027166587,0.007093741538465981,0.009360485330822454,-0.004043524333293247
2021-04-05,-0.024987337556430567,0.017831346094148826,-0.03408326796291361,-0.014466963508198205,0.023348950884757302
2021-04-06,-0.006449956956130265,0.000815727349182227,0.0004704899945078278,-0.004165354719540826,0.007965556230548732
2021-04-07,0.0048255618495072206,0.013571271828643816,0.005408181763248532,0.009348297356540192,0.0020522602971699833
2021-04-08,-0.009950302808586775,0.0067472321862880325,-0.002572655945647817,0.001248184715207934,0.01404608223239423
2021-04-09,-0.007712274876878533,0.0008337187167684057,-0.0007035093547902438,-0.011618778099824256,0.0014769639946963231
2021-04-12,-0.03847356321505668,-0.010617522376038746,-0.03660250226326234,-0.03577115328639269,-0.022785550590083803
2021-04-13,0.02435888262245034,-0.02005949280848951,0.016561095744109577,0.010805068077704316,-0.04389278229236859
2021-04-15,0.02124468383625766,-0.02605316869903873,-0.009583108683931307,0.006470598605276656,0.03701608889701413
2021-04-16,-0.0010138312719815135,-0.005144111551404151,0.006047571852947797,-0.006274750784724614,-0.007393608820736475
2021-04-19,-0.011374372354090445,0.006500467801778154,-0.011300810898451252,-0.015734096068548586,-0.010437703971185264
2021-04-20,-0.014868261621327039,-0.008220009802420991,-0.00997070211729667,-0.0002892885243552801,-0.005455739566046058
2021-04-22,0.022351580027081708,-0.00018480565084577627,0.011544900878939002,0.0027615329917272113,-0.008188711775284685
2021-04-23,-0.0058700516201418695,-0.012804339106849083,-0.002670987306564787,-0.001075290834785525,-0.002982228743497184
2021-04-26,-0.006611644963377961,0.007309946384231214,-0.00024377667636632516,0.017591225444074654,-0.00279778621295923
2021-04-27,0.0241313633045519,0.0036841304039323397,0.00048710495523396347,0.02621468177774844,0.010061834556815974
2021-04-28,0.02648252077128066,0.005561747614686086,0.00048696230025369047,0.0043496162814002926,-0.0025222614468149995
2021-04-29,-0.0029118899131599374,0.00025810652886804064,-0.005839381034300151,0.01339306564500009,-0.0028328257103080734
2021-04-30,-0.040882712147567224,-0.0014745284739494657,-0.008321125399384455,-0.014599410522373124,-0.02555150578489107
2021-05-03,0.0015223014145850922,-0.001698268118724977,-0.008144245122741367,-0.01777396718511004,0.00044453758447504654
2021-05-04,-0.018452513829043782,-0.016752300567093426,-0.006717977101559303,-0.02166868125857846,0.004198244254304928
2021-05-05,0.010264029797155239,0.009101937190468812,0.009018079238783727,0.001826321874551784,0.015066830626982108
2021-05-06,-0.0012120580619089383,0.014983139420039038,0.006702965683309969,0.0056766965839150085,0.005087761221389986
2021-05-07,0.009886521107592916,-0.006646608874997462,0.012823917581359146,0.00038848600805563294,0.006893821434817093
2021-05-10,0.0036049464095242456,-0.00961131134747617,0.0009737833733720613,-0.002873108686596626,0.0040217536430828815
2021-05-11,-0.011480177435034378,-0.0066443215563443125,-0.007540565289319567,0.0036082330860012224,-0.007280157838174706
2021-05-12,-0.002885447177740863,-0.002743095549407437,-0.0036768522346513066,-0.010345922234499705,-0.011208557800318042
2021-05-14,-0.00903897186955549,-0.007987757281523011,0.04428066340679293,0.01262324696181083,-0.01169180601730746
2021-05-17,0.03850455731816593,0.009875460968433725,0.001649042253232702,0.011897941925219868,0.005980509472399476
2021-05-18,0.02530809297915515,0.007973439253662118,-0.011994488382216728,0.014079057367832881,0.0062056526228337905
2021-05-19,-0.012527988923821898,-0.0022386247995296316,-0.010949693618900858,0.004577643723827407,-0.002201483543097127
2021-05-20,-0.0174187111346914,0.0017202023379443432,-0.00361020342150864,-0.005833533295767412,-0.007138252635105369
2021-05-21,0.045016798783032774,0.011349100142620916,0.009903455979253462,0.008637944976441103,0.006699358700629654
2021-05-24,0.008448309920558339,-0.00476193401166447,0.011719807628097767,-0.008439213364487497,0.0003243914302546447
2021-05-25,-0.02053038652718564,0.010051663439308856,-0.002836770343846662,-0.0113313089870819,0.01548992022467277
2021-05-26,-0.0012845559358710679,0.026182434926832254,-0.0014225122877598029,0.0035148128025004333,0.014290585982930759
2021-05-27,0.00379117724560718,0.0035783662912476366,0.002611469969846514,0.0030709498394216883,0.006807027557761414
2021-05-28,0.014029051821627947,0.0019970446310551004,0.008287889075378807,0.06006778251558753,-0.011446661145321446
2021-05-31,0.00824762311000904,0.002661597108275293,0.017379053253283372,0.03126792391821631,0.0049467313470605845
2021-06-01,-0.0027377430713020345,-0.004699591234188505,-0.006232671962152714,0.003980956460150287,-0.0019468208281099297
2021-06-02,-0.005093661146849948,-0.006163454976289673,-0.029036047796325626,0.01491534958207441,-0.007469048726190031
2021-06-03,0.011004179116755664,0.007978676032537546,0.0002392407597899826,0.003816029046436187,0.003770638820957739
2021-06-04,-0.012890109700103736,-0.002878263454297203,-0.0014349155225287236,-0.008666488908155245,0.0007959713115031075
2021-06-07,-0.0007328529161192421,0.002886571768326185,0.012934005968468387,0.0168453605865424,0.012548719590964819
2021-06-08,-0.011200980672263383,0.016766901431322978,0.01040425783282073,-0.005746524543171261,0.005324747655501616
2021-06-09,-0.0018545494772613802,0.0016631773600490618,-0.005382595752849717,-0.017881326401537945,3.1249343501293936e-05
2021-06-10,0.0005067892874444091,0.006359111393544392,0.013419243529537717,0.0036780901533435273,0.005171473444533836
2021-06-11,0.00357844689504927,0.01586748906648605,-0.006688917088740531,0.01734565866781934,0.01771940856236065
2021-06-14,-0.004642252045871875,0.010298056165336966,-0.0028860087782578425,0.014346031047377972,0.0007789743327786258
2021-06-15,0.0073000070299591435,0.008277202720471388,-0.0012060675581659908,0.0022720507050204564,-0.004150982531434977
2021-06-16,-0.0037913245948951735,0.004545762544011289,0.0038638396290160415,-0.017066853881875788,0.0035553751482264584
2021-06-17,-0.012461238218896997,0.009928385793682049,-0.010584548091857826,0.0018312283386223704,0.013254367648296794
2021-06-18,0.009344528389294782,0.005350167823487295,-0.005348797891890356,0.004513398709706573,-0.006163511498590846
2021-06-21,0.006014375173584607,-0.001995590318485063,-0.0004888943692114012,0.005211958315423093,-0.0073394415914489475
2021-06-22,-0.003291515221558905,0.007698495276232897,0.003179137095050688,-0.005140206444063544,0.008584926603807164
2021-06-23,0.0011458158352930514,-0.005754464911983059,-0.005607071237950456,-0.009165491356422417,-0.012056110753876692
2021-06-24,0.013968298476209284,0.037288165293108966,-0.0034321441831700605,-0.023510980462451037,0.03440217670911294
2021-06-25,0.005875477758507275,0.009620401424011549,0.008856200077947518,-0.02277689451783349,0.002134274282808546
2021-06-28,-0.004455149468031716,-0.0015245342475542767,-0.007071360470284449,-0.008767122414507389,-0.01302926090355061
2021-06-29,0.00013312047727875864,-0.005566928032903595,-0.0014737118711221076,0.0008628407885122868,0.0012287722603214757
2021-06-30,-0.002762779274448124,0.011355921775387579,-0.0029513098368674218,0.010944544833955794,0.0014665627302901107
2021-07-01,-0.0074438209586766835,-0.012904786207934338,0.0014801625275040475,-0.0060170120599540855,-0.0012702593046995947
2021-07-02,-0.004271098631694836,0.004742585665723054,-0.0029556709758779,0.014823935277931355,-0.004803314587177976
2021-07-05,0.010166057774579906,0.0071115377312345185,0.0061756765510609934,0.009933976991147286,-0.0013379047113316611
2021-07-06,0.026246442364590283,-0.010608272066377933,-0.005646901846324548,-0.011812861761288151,-0.017675431955946785
2021-07-07,0.0031277595326764107,0.0015364207052888101,0.006172907363815261,-0.0069417653443544225,0.0038773458367347136
2021-07-08,-0.01237425488156041,-0.002460762391799709,-0.008588828680352822,-0.008269990403202754,-0.005022808905142617
2021-07-09,-0.012134566432189464,0.001377523669156222,-0.0032178826713058495,-0.010226498332484901,-0.015452079957746112
2021-07-12,-0.009986712349142723,-0.009629400956356893,-0.0012416138131317034,0.006228245697842194,-0.004690993824478018
2021-07-13,0.009986485973372261,-0.0018735423191101885,0.0037293781943148474,0.007485329017727693,-0.0017382116719676377
2021-07-14,-0.0017975538127613655,0.020680326691213446,0.011146938669079676,-0.006524782007897412,0.00847058744955076
2021-07-15,0.014374741336401042,0.002472973761823205,0.010533989439667879,-0.0017496672391287271,-0.0014342546437686732
2021-07-16,0.0010849258011000895,-0.0160360646350991,0.008000131711995317,0.014430728970864504,-0.002544508389250577
2021-07-19,-0.03373069709899412,-0.008839946432905643,-0.0007216609908342608,-0.00636725194117993,-0.003192555050161694
2021-07-20,-0.01893272210602992,0.005416052608302913,-0.0045725490687500425,-0.0024536192593613837,0.006656930739430411
2021-07-22,0.0038457284049679963,0.025902429785448877,0.0009669678315344932,0.012847502329409677,0.003291022142861255
2021-07-23,-0.004107092842247861,0.00015726892122835956,0.026087011202892363,-0.0070730886885356226,-0.0010882816924566718
2021-07-26,-0.0056835611658571095,0.008456856566989357,-0.005885097425185504,-0.013700947883269698,-0.004762145868741241
2021-07-27,0.0036248484465739583,-0.0008418098072638935,-0.011839963004415255,-0.010520744901549639,-0.004566136203133064
2021-07-28,-0.015592951321816595,0.0019030726435127487,0.0021566584082011175,-0.008588854697962778,0.0046657632889994805
2021-07-29,0.0006701796320440767,0.007100303438197342,-0.014586225447646761,0.007804310088164179,-0.0006255700558485122
2021-07-30,0.005781834244433792,-0.004019863634130871,-0.005338505604794541,-0.008742188443207732,-0.008870953070981624
2021-08-02,-0.002663972917129942,0.013070564249076932,0.011466180708532336,0.018277409078090168,0.016400991124303488
2021-08-03,0.008470037994889434,0.014495383345603852,0.012542174370632209,0.007358166654973131,0.020345475445475047
2021-08-04,0.021328586452320053,-0.003594735434864993,-0.006193363439436883,0.007663838645099119,-0.003333367368992479
2021-08-05,0.013342054580598894,0.0026072924334867853,0.0318791309006472,0.014497922054835355,0.003054415934836019
2021-08-06,0.005252952436163305,-0.0020259852099761,-0.004645653557136642,-0.021178383771330078,0.007871660710689676
2021-08-09,0.007537059436949267,0.00793841536789297,-0.0021003762168803064,-0.005696464454967187,0.0038973214971862458
2021-08-10,0.002493331505066587,0.008386926071630718,-0.018475254781124995,0.005247536645187845,0.003370902963218292
2021-08-11,-0.008423610008169269,0.000178878834576901,-0.005718381959507246,0.014008458562691839,0.0030896180382988803
2021-08-12,0.0043144524500351444,0.00718306818423442,0.0011981736982971114,-0.003211736322498382,0.0022575878387300907
2021-08-13,0.016517869772397553,0.013375903902647757,0.012206800104538562,0.016654800343875564,0.03331070351116372
2021-08-16,0.00288301810771463,-0.004555514630856017,-0.0026009518236417284,0.012979785369040098,0.0027575664203964845
2021-08-17,-0.01042076076852183,0.021855335534438858,-0.008060782314957549,-0.0042558097252271,0.02306391535824015
2021-08-18,-0.0010892594628409968,-0.004708248343204491,-0.001195023572678644,0.0038812954063591754,0.00211088332517817
2021-08-20,0.0011566017772670634,-0.00028846569331719696,-0.00023934484337362338,-0.011230464348605529,-0.0002949309942330558
2021-08-23,0.0065026788742865715,0.003346930096666645,-0.012446111941227134,0.00656346067977287,0.02188512185806224
2021-08-24,0.022464914694261928,-0.010294646269519148,-0.002665972420161422,0.00987348683860767,-0.00665308130721598
2021-08-25,-0.000930039127827742,0.00854218994253264,0.0031591418026941653,0.008654977427473343,0.01267593202072037
2021-08-26,-0.0016695809972135933,-0.0045230756535030725,-0.008720856368462648,0.012644121265270813,0.003511779264827153
2021-08-27,-0.004084080019378877,-0.010939419579504506,0.006353796658590705,-0.0013674072348275335,0.013154220839031172
2021-08-30,0.012786952929066508,-0.006290956728628672,0.010199192002780855,0.019237724932644307,-0.0050671035651324026
2021-08-31,0.008385150013554332,0.00494685110156734,0.015865279267225585,-0.00532977998911166,0.023005504776986596
2021-09-01,-0.0014543633944774648,-0.01681862953014568,-0.008518711166274673,0.003963212774473535,-0.018883236950014037
2021-09-02,0.006269299011627316,0.006765034611776466,0.001193312372025357,0.012041980848515932,0.03278647081439501
2021-09-03,-0.008149833277207197,0.006837911162383081,0.004052534182970247,0.04101303500200704,0.0013814648116587946
2021-09-06,-0.006566974262639191,0.017493411969162098,-0.0061729561779411135,0.0155326789647936,0.0025896831568452683
2021-09-07,0.002267389335377512,-0.01372512255635494,0.011705852773159275,0.006307704491067989,-0.009371834023713554
2021-09-08,0.004556247885136644,-0.007851718047127143,-0.0023614429622790256,-0.003912575835145593,-0.010941143431160705
2021-09-09,-0.004947967543208476,-0.0009744155754825012,0.006627173258908048,-0.0023648435420748903,0.004570766527278058
2021-09-13,-0.008319469731973284,0.00017736138806090374,0.007053903772804571,-0.022283130214114655,0.01422958451945755
2021-09-14,-0.004499940604644759,-0.0033985399916305337,0.009105763880000062,-0.0013072612616383816,0.010545082199872935
2021-09-15,-0.00113021541711944,0.01500452077690162,-0.0004628515373575892,0.00415889856018703,0.017666580807284893
2021-09-16,0.008501347107824797,-0.005375517516402195,0.06828728075442525,0.020981464780375436,-0.012959751453684332
2021-09-17,0.01423129636480125,-0.006432584151946252,0.001733453927593942,-0.015505331114208598,-0.019329772053811478
2021-09-20,-0.014094709341836764,-0.002039895949003001,0.01124807514201609,0.001589441520548851,-0.001136408941902034
2021-09-21,-0.005064632806306313,0.01812951048330369,0.03315518051360078,0.004322766570605152,0.010317756036461123
2021-09-22,-0.011759282724930875,-0.000901849809954558,0.008281381039454194,0.010729052080567403,-0.0002073735403084198
2021-09-23,0.02366814545686391,0.01493961852243575,-0.004106758999533722,0.024439408895922332,0.001838668857591541
2021-09-24,0.02009560297270907,0.012223362798946313,-0.016700929651528917,-0.0028918220019394925,0.0005297257944820721
2021-09-27,0.014704464862393518,-0.024208289474073053,0.0010483542002048818,0.01681632727159177,-0.008873064813408216
2021-09-28,-0.006184148768902942,-0.01978334722071884,-0.003979905893142122,0.00934867566538733,-0.015063978747981488
2021-09-29,-0.013126582384084928,0.0030526218469040245,0.0014720649257440321,-0.007927560956272672,0.0033738000492431475
2021-09-30,0.0006900618374630074,-0.010075397061520164,-0.00818975479225259,-0.0034022972988891897,-0.004311721530044221
2021-10-01,-0.007680383535637936,-0.005999160279706928,-0.003387631080376763,0.0017664851088861067,-0.012011595390834406
2021-10-04,0.001926991140397405,0.008167358051835993,0.005311135774590303,0.012858208478442767,0.01155442971883236
2021-10-05,0.006117012474122108,0.00836931207565983,-0.00803038173715065,0.020753585453482826,0.015901205735136426
2021-10-06,0.012190931718202958,-0.011371689767407989,-0.014699667149745799,-0.01891353028882392,-0.0058437147017735835
2021-10-07,-0.002724506373431468,0.010426928625214327,0.007351516554168658,0.004902566996194402,0.021517428534756133
2021-10-08,-0.0048743551787842065,0.019426381561110206,-0.0053660161381351434,0.03842711827639622,0.010981485427808746
2021-10-11,0.019436548513143803,-0.01908523577295551,0.027406109392879463,-0.006963059258766724,-0.0635345728191401
2021-10-12,-0.0025706981255817496,-0.003429899536890102,0.013652536000801296,0.005711270117660927,-0.008885810195035426
2021-10-13,0.006013755175514612,0.014271549218723312,0.03273948852948716,0.010176975042723857,0.0006431348435307349
2021-10-14,0.029278960893391215,0.003832475803929869,0.029494269000747808,0.0020222362364943347,-0.01007348359786997
2021-10-18,-0.010133884973025142,0.04452842722241357,0.023387228422723227,0.002666400678983827,0.009885155974626247
2021-10-19,0.011015958419804406,0.01673973807583673,-0.06322601589143417,0.008956183958175545,-0.0035644790938329507
2021-10-20,-0.008793690045051705,-0.010866344214609636,0.002642787009315528,-0.01151238679749833,-0.006961627452369723
2021-10-21,0.0014636553942508623,-0.027020281613940322,-0.007704660740639913,-0.028847576241882167,-0.02115637023717487
2021-10-22,0.0026545672841749024,-0.019302572474218405,-0.03310193711966447,0.00186839020138585,-0.009525788375079114
2021-10-25,-0.01413051619341621,-0.00712298516382448,-0.013524832469485104,-0.00974347946663534,-0.0016862744879163616
2021-10-26,-0.0025648305271133154,0.0065876806988596215,0.014138805637190721,0.022772705708055563,-0.0029630132500578776
2021-10-27,-0.006020283975659235,0.014820714600298324,0.007393373117993374,-0.012645387068574654,0.0020530133893257307
2021-10-28,-0.02994886927021112,-0.01448849745416858,-0.05598667132074431,-0.010961427163501125,-0.019514310633028553
2021-10-29,-0.006745645550999879,-0.021215930103292036,-0.008440640752870099,-0.023993583430731658,-0.006984847520053017
2021-11-01,0.014183245498587516,0.019367296759694064,0.01635304455012898,0.0006111849382368639,0.023147512970822737
2021-11-02,0.0009032079108830526,-0.0012646597468585208,-0.005510308762240124,-0.014579665301026612,0.0022435726394558486
2021-11-03,-0.015746072606406702,0.002709194973141038,-0.013962857863195954,-0.006877768561457276,0.0023106117836717566
2021-11-04,0.007904092788093564,0.0036416368628153784,0.018431388645449687,0.0061402000277395175,0.004696045938267002
2021-11-08,0.003952451433634208,0.01685497161021665,0.014345389692660193,0.0012406650849510203,-0.0016814851454367563
2021-11-09,-0.017497213423679936,0.002877774076852191,-0.004569138783260485,0.007893809883534164,0.0008421586499784972
2021-11-10,-0.010812581244943331,-0.001348643767087765,0.009180305750686513,0.0111828971910517,-0.006104372110300793
2021-11-11,-0.004468629984829775,-0.003936447029723178,-0.0036819638360806595,0.0018236344625566225,0.001119242882911431
2021-11-12,0.0030354734754318713,0.02705814478384916,0.01260862547010766,0.015090770521548169,0.010851052394848404
2021-11-15,0.002736672602734247,0.003904106449937439,0.02232711776610552,-0.005900261678622898,0.0077282455189546795
2021-11-16,-0.005939890937329828,0.0028817494351052186,-0.01112963629533903,-0.023236787962670702,0.0008721028371605488
2021-11-17,-0.011111198612322903,-0.00270610143631711,0.017201078746075904,-0.021406936690501976,-0.009700710801844203
2021-11-18,0.005618022267382727,-0.004503565903078766,-0.008350773937475298,0.0037743113174790732,-0.01311769712032318
2021-11-22,-0.015622975939426742,-0.011239734800948642,-0.027789531443502713,-0.044292829620868446,-0.004977579022428014
2021-11-23,0.00013193452253923432,-0.0127884403288816,0.00303171721816331,0.009349341448845472,0.0016915583333931838
2021-11-24,0.001649726013734032,-0.023547790357180687,-0.016839371802124248,-0.014438968573136424,-0.006047517346639553
2021-11-25,0.0052039192116943855,0.015566058574324915,0.015810225921797594,0.06019785166669944,0.0007551006155366302
2021-11-26,-0.023624705798061307,-0.017852943096768548,-0.031560741295715955,-0.032230862168917795,0.00027574379175732133
2021-11-29,0.007617893333129011,0.002778285978493944,-0.01116058306991119,0.01197882855143173,0.016000143094724528
2021-11-30,-0.005128896837141794,0.009608923213985321,-0.0015802307797851967,-0.014786074309467878,0.007752721012215247
2021-12-01,0.007431907403760762,0.0013138716035887565,0.003391348921061299,0.025609110299454896,0.013785109192059553
2021-12-02,0.014023107237010946,0.019447109144070218,0.01599818066274028,0.006424783919335653,0.018195690397938336
2021-12-03,-0.00799592461924925,-0.0072644946685530565,-0.01685524133138938,-0.030046073787213468,-0.0006727569872341244
2021-12-06,-0.006441788504332524,-0.023191439417753035,-0.01691849503526688,-0.01895573093398295,-0.028581649056946712
2021-12-07,0.014562994538471763,0.009644311181475018,0.012620501360461445,0.008147851817971175,0.013601365303592905
2021-12-08,0.0184179492853509,0.02436245400589976,0.019487930548769405,0.015219220641191855,0.011828671248394373
2021-12-09,-0.017344723436151233,0.005760288428562799,0.04645468488832072,0.015859556145888742,-0.0069340850790525765
2021-12-10,-0.0028163202015715205,-0.002381708797216664,0.002973761465654867,0.0010177675189200208,0.009731462296276527
2021-12-13,-0.0074873187894305415,-0.008298954677062431,-0.006353292540943856,-0.020049240456252115,-0.00746566847246477
2021-12-14,-0.005757225743744265,0.004298931463469158,-0.02557549898558431,-0.01224243949199888,0.0039203908550695665
2021-12-15,-0.0016306297380674906,-0.01024452553413302,-0.019903727446177855,-0.002919777139308244,-0.014749869550911843
2021-12-16,6.655677669464843e-05,0.0215662325338577,-0.005132828352612195,0.01293589445903609,0.0031510816606625802
2021-12-17,-0.018032007744024248,0.027799589173094663,-0.02220712345350817,-0.02639447160891817,0.0007677704350042003
2021-12-20,-0.032178144723902236,-0.012054778070579864,-0.025464670049988092,-0.026960781785183796,-0.0076584272041581025
2021-12-21,0.01132812535160177,0.007059803897779826,0.00047073673941255834,0.014885741996414792,0.014450822169090882
2021-12-22,0.002358103492040131,0.0072311416252004435,-0.002352931358838295,0.023731736692649053,0.006221809671877798
2021-12-23,-0.0007611288681209638,0.01803045312442131,0.02499994883314205,-0.00035920244810982993,0.008799773609023509
2021-12-24,-0.0036008771201015977,0.0031760216695930765,0.0032214611979179963,0.0031921297322901054,0.002238906179891309
2021-12-27,0.008270308970096174,0.0014221200117803257,-0.002064246045251905,-0.0010747905424763893,0.006864801611481619
2021-12-28,0.006892797186591748,0.01170859675581104,0.011491562693836554,0.011876503111259318,0.002827177038404294
2021-12-29,-0.0047578183327186,-0.0012976469498562349,-0.014996494908165015,0.0017094080193182926,-0.003197188214501434
2021-12-30,0.005261956108528532,0.0038715321160696092,-0.003460366927010905,-0.018064438178452158,0.010569407778670437
2021-12-31,0.01224778503716184,-0.0026943190994789257,0.00949092886104741,0.003836265364848934,0.0012318566022380129
2022-01-03,0.027206885472960796,0.005668061513885991,0.004815354039003905,0.015074912922379946,0.021239445238370624
2022-01-04,0.005856500166309342,0.00036887917530936676,0.005248705410026533,0.02256789458241748,0.01754955036059269
2022-01-05,0.023748059899165064,-0.02869716742965478,0.0013621342106906464,0.00467843533372303,-0.006126549186503127
2022-01-06,-0.01603984310146933,-0.014555603503753511,-0.008388102127420805,-0.021501345253092996,-0.013856757364872907
2022-01-07,0.007014148556804489,-0.0019254777283043145,-0.0013717017632949302,0.008069472624965046,0.012094920861547731
2022-01-10,0.005546463038421212,0.02009050715198968,0.022435783649248586,0.0008210271947775016,0.006837921786649881
2022-01-11,0.004329223803858584,0.002620564558376115,-0.006045501057048153,0.0071985346095710945,0.00929155981836649
2022-01-12,-0.00590707915287747,0.011775165243267827,0.003604280666580806,0.026694530873670352,-0.0143007044843797
2022-01-13,-0.01840507082300802,0.010306532052590356,0.005387131759915009,0.00563247189749827,0.009844858234518528
2022-01-14,0.011223966543343566,0.017160417340845058,-0.0060280388041941135,0.0014593303334047292,0.018022555964245957
2022-01-17,-0.015305974571291792,0.005260969309544006,0.008984772489919468,0.005218609097871418,0.012852426008421736
2022-01-18,0.0050936111505164305,-0.009667537094859124,-0.017141696109275184,-0.011930533809924038,-0.007103471746418122
2022-01-19,-0.007062308554151242,-0.027957751554207433,-0.001811979850558476,-7.925612014159089e-05,-0.017308536578545586
2022-01-20,-0.0062234192466943394,-0.02321850721801577,-0.007261161940015248,-0.017508692266117398,-0.022505207203629696
2022-01-21,0.008349913681842569,-0.020836819147746377,-0.007771516467223738,0.0001613498288446369,0.0018160760501677586
2022-01-24,-0.022969248480699256,-0.02738407804967502,-0.02418778813558875,-0.04033744607968548,-0.0162123350086244
2022-01-25,0.000941802378942258,-0.008435194596364437,0.011803448125671911,-0.001955430137655201,-0.00038442237252556133
2022-01-27,-0.008803616098592815,-0.025288084202547245,0.001399953625380812,-0.014811007358986439,-0.03200353987792148
2022-01-28,-0.007932447866967118,0.0045276275931322996,0.013979437504862302,-0.0009622302261459437,0.01118036757155405
2022-01-31,0.015342615198967291,0.029652367982290873,0.01194849682116983,0.021726621448286743,0.012520170055995816
2022-02-01,0.007605915789055562,0.020648692389676038,0.03428709238280714,-0.0033101568769529077,0.01723649721008469
2022-02-02,0.022845492285629376,0.008492773794787745,0.01931941385066005,0.002038796342099136,0.014616041140689262
2022-02-03,-0.01035122598524374,-0.02716677134105927,0.009907313256230177,-0.012921934546618608,-0.00819465068524905
2022-02-04,0.005708327490276721,0.0014666053775633792,-0.0006396960614918346,-0.00911687948279638,-0.002536259585061762
2022-02-07,-0.03664702895186944,-0.014990403823537779,-0.01749895550074887,-0.0060910324535916605,-0.00941032842491496
2022-02-08,-0.004291121124552544,0.0013410116617982304,0.0045611990926772705,0.01680986243434268,-0.0094074607063237
2022-02-09,0.024455206214973657,0.011646259852199359,-0.00475667170358729,0.01165077198690656,0.00456814764834057
2022-02-10,0.018362694382208167,0.018592038236352693,0.009124379715378383,-0.001027756864084295,0.0026061167616140413
2022-02-11,-0.004098068577460756,-0.0272659902895791,0.0008611699353406888,-0.001952955550853397,-0.019998289361958577
2022-02-14,-0.029726443419750392,-0.02274398762980867,-0.0332505232003768,-0.015927417829870727,0.0105009362713675
2022-02-15,0.02992472777000632,0.0333196291362976,0.016176888355796892,0.03395252114611602,0.022510807851972903
2022-02-16,-0.0013506110088112866,-0.002847666059093701,-0.0011212121913072304,-0.0020678350187866013,-0.001230998790373694
2022-02-17,-0.006102604934555944,-0.00490401514180383,-0.00044892212375580165,0.01266086668799149,-0.007579360016277792
2022-02-18,0.003883160712921274,-0.010349026677939466,-0.0033684280900591057,-0.007816606088353772,0.002563336835794905
2022-02-21,0.006446815322104449,0.013913895246197239,-0.017575441388932744,-0.010105621969422773,-0.019636551014910353
2022-02-22,-0.007489616817046851,0.002108806395937579,-0.014449586503364364,-0.004542046036857705,-0.03575870176478424
2022-02-23,-0.006486984663605866,0.00490096804879947,0.00511971760094565,-0.006257792762791037,-0.00630139181781153
2022-02-24,-0.05430067899360491,-0.037123014188735426,-0.03449868495922648,-0.04983042481262656,-0.04549931761963533
2022-02-25,0.02585595640242233,0.009802347841059822,0.026139028213747917,0.012501584759855078,0.035012531872052444
2022-02-28,-0.02049992764710684,0.012392296416887216,0.008880607726847733,0.03310044365718223,0.009500789715474633
2022-03-02,-0.0364593389599539,-0.00746084640857303,-0.002547999674309409,0.01652847458108897,-0.0022649699019998693
2022-03-03,-0.002364856694409223,0.010600123730265532,0.01904321358443406,-0.008442485567074276,-0.0004934922864344715
2022-03-04,-0.0032822940416179502,0.00142369029501066,0.027803131356879396,-0.022179770705407664,-0.005656749336532485
2022-03-07,-0.03051585592270689,0.009603684385824263,-0.0024390425228334456,-0.036980450005081655,-0.011193512994989163
2022-03-08,0.002264537587410631,0.02204212220745405,0.00866853105710419,-0.0018083741523245989,0.033013723413742646
2022-03-09,0.03264790442298171,0.01976723521154722,0.010357122327111945,0.05305293556712609,0.00906959838779886
2022-03-10,0.01571665749506801,0.006920909525978569,0.011995565739835401,0.0162057070181576,-0.0032071811419128737
2022-03-11,0.002943860714386126,-0.002136035572491757,0.018749988088893055,0.0028842621272686664,-0.006020382500674826
2022-03-14,0.03275356234172655,0.037705882014900105,0.011212205204728098,0.008211250008526516,0.01218333168137442
2022-03-15,-0.012859236997967094,-0.027185635323036528,-0.004811667200328662,-0.022903315180006767,-0.013477802904848346
2022-03-16,0.01695925145969479,0.02723849813802426,0.01997043568444634,0.016882032477522957,0.0172513418816711
2022-03-17,0.022028304662173648,-0.018418518715503374,0.00948068407819469,0.03260040004969644,0.004608910641826558
2022-03-21,0.004357713094086391,-0.0008355611787542738,-0.0016333524353748796,-0.0057622161295350915,-0.01253812459737147
2022-03-22,0.0051463808510019415,0.018536850399733185,0.02147251259342653,0.025836970246482238,0.020473042304683053
2022-03-23,-0.009972191778904294,-0.00794736292277709,0.009008995053694235,0.0031802620883611965,0.0030937728068394232
2022-03-24,-0.024742256951727715,0.007637163525178403,0.01130937485767336,0.015536365309555489,0.010088056798758016
2022-03-25,-0.008144650921675822,-0.00537968037309644,-0.005885662440994421,0.0066702317253461985,-0.01130722577727239
2022-03-28,0.001327709453228465,-0.0014122300031303991,0.014604357398312562,0.010054544667211562,6.730293479106919e-05
2022-03-29,0.013260743634817995,0.006457160177468779,-0.009531400292079772,0.00022889101942968892,-0.0006336265045155942
2022-03-30,0.01732340715447145,0.00951739607077462,-0.021209768678789542,0.01921784241682256,0.007070812822552286
2022-03-31,-0.0044686876908345274,0.001523176755209965,0.005818690379566505,-0.014291334907776676,0.0022510573357281682
2022-04-01,0.024245846428019746,-0.0017305873178927733,0.010572530383732293,0.00800831205138497,0.005026641063605286
2022-04-04,0.10013280477272368,-0.010821848888008856,0.008487883398079932,0.00295588596272367,0.00308642935730874
2022-04-05,-0.029303352093552948,-0.011604130069382101,0.015658739901512897,-0.014134492355193484,0.011789221030389152
2022-04-06,-0.03569110091851457,-0.01732855783857712,0.0005780600061930929,-0.0026656810195400116,-0.01558406005948132
2022-04-07,-0.021987942112275838,-0.009760083965258737,-0.011363483143755126,-0.017639924608702784,-0.01895951655116379
2022-04-08,-0.001384541545002893,0.0019877452535477236,0.0434443210933404,0.016635224821359262,0.0004070517847727384
2022-04-11,-0.012213989964952598,-0.026479743308480796,-0.0011202097772354813,-0.002083648085736134,0.002916659740408889
2022-04-12,-0.0017712094201478568,-0.013642370841777218,-0.010093607705471741,-0.018829812120197964,-0.0014337094704910402
2022-04-13,-0.01911619373234652,0.0035010183404289297,0.017938157541295796,-0.0036705670282307645,-0.007897478171309924
2022-04-18,-0.04744191725951219,-0.07271755603612395,0.002040384634442338,-0.0030568271891709964,-0.036565112920922904
2022-04-19,-0.038159735712594345,-0.03663493065624135,-0.031654938485107253,0.03811151438579774,-0.01591515684155198
2022-04-20,0.00901520102765363,0.016453182509519326,-0.007646804467017487,0.029403954214529238,0.024453209547420585
2022-04-21,0.014804548595579003,0.019588206668166075,0.0032750269559256306,0.02341420415400952,0.020200866318503374
2022-04-22,-0.013642828224882386,-0.02060175569829137,0.002688172803730904,-0.008374892467938988,-0.0044370744334105705
2022-04-25,0.007487518908593227,-0.015358412708432523,-0.02240518985665363,-0.02312620231182283,-0.01781267539956899
2022-04-26,0.004612951253387454,0.01274735987738329,0.01449564792064506,0.029925837439649605,-0.0005355896328558263
2022-04-27,0.00036437865676330894,-0.01783664505488325,-0.005599603818194354,0.0009728284612975369,0.0042014958999625485
2022-04-28,-0.0008743398276189751,0.01919092946232004,0.013980576161741531,0.014936871058212953,0.006486663006400661
2022-04-29,0.009661993513817801,-0.009509515358061438,-0.005936550497122051,-0.010496843554589241,-0.010490161122988617
2022-05-02,0.013794473813789843,-0.01693735788667572,0.013870226426935695,-0.0035123166165459407,-0.0012126531451600586
2022-05-04,-0.033981560159852764,-0.003536459051215579,-0.012920402070742298,-0.0312181198537671,-0.017685399213711483
2022-05-05,-0.0022492459376496354,0.032300976449298524,0.008854721794865572,-0.019583051307966892,0.009669952807870752
2022-05-06,-0.026128085351410313,-0.026685134220029827,0.017553937433336664,-0.007667837110397424,-0.022997538152142227
2022-05-09,0.001707659985749732,0.017824142297707235,-0.013875782179513352,-0.03905515805922055,0.0036414916023399524
2022-05-10,0.016062498772530187,-0.011048405735081257,-0.012169786396263427,-0.017333167569684393,-0.0018431189766805467
2022-05-11,0.005629822990939726,-0.01690279781436843,-0.01578435297011349,-0.010243865156212117,-0.00777910600978593
2022-05-12,-0.022541374746299248,-0.01175705256156434,-0.01075683054379828,-0.020373148453218026,-0.000981797287304409
2022-05-13,-0.008978992815111941,-0.0029161684266839627,0.02253854777578579,0.01133618168124384,0.001833498080186402
2022-05-16,0.01064772576357309,-0.010170231178266098,-0.017401437069883063,0.0002473175662580651,-0.01115683975602555
2022-05-17,0.006819525084478695,0.019709702899774806,0.041715934139191946,0.042002973708806346,0.02215127420669427
2022-05-18,-7.616670449261953e-05,-0.006091600302614353,0.007933441771189154,0.003637732581149189,-0.0008113458683688402
2022-05-19,-0.0204352780846776,-0.05436644857737394,0.03317087964250942,-0.02304653707963611,-0.054178218717208626
2022-05-20,0.026339199388788037,0.019619409505424734,0.01578087227875269,0.05830992418703751,0.009518822888305634
2022-05-23,-0.012831528938087589,0.009105537043061052,-0.019642873004076966,-0.006687024049407242,0.008730447404667663
2022-05-24,0.011464565789395698,-0.018659697381730456,-0.013296759442980921,0.0034331188114329336,-0.010160175131606941
2022-05-25,0.007468157688697907,-0.021200567474829457,0.0068302385193101944,-0.0014718261844144376,-0.030113357151339004
2022-05-26,0.028521988191148706,0.009571309864191191,0.0018433997244122757,-0.00953285194380804,0.018720374863344214
2022-05-27,0.01854827893931077,0.026264988562067382,0.009373810674001115,-0.004638553492224862,0.01064498785487289
2022-05-30,0.00682457700634953,0.044787482756454944,-0.0005572242070861488,0.03483370503773631,0.03493996996038251
2022-05-31,-0.008990181421866472,-0.004765634351540982,0.005946726776961064,-0.012064616174218834,-0.0032293865984881487
2022-06-01,0.004247779463969925,-0.0166600340576345,0.004433845322740604,0.00032283396042065426,-0.0027197994062633235
2022-06-02,-0.006989939190993888,0.01991815382341655,0.006069584191574107,0.03447890857028879,0.020207408311255115
2022-06-03,-0.0034654013922048588,0.009084803485446491,-0.0029251165558835668,0.020261915744369308,0.005010297539702169
2022-06-06,-0.0013403446022756116,0.005487349438766165,0.0077007510688853476,-0.004299129286605696,-0.002674265059566694
2022-06-07,-0.011498447815830537,-0.015260888071225831,-0.003275017005638259,0.0018788419346429386,-0.019892597437276782
2022-06-08,0.003522717201800196,-0.004446924732081636,-0.021905843153690152,-0.017563767553777532,0.012326585160139292
2022-06-09,0.007532584224634986,0.009999882488351375,0.011011540723548485,0.027422387555220862,0.006741819735510024
2022-06-10,-0.019307555736180926,-0.02521433821687802,-0.0025843614196446874,-0.030192025191174476,-0.01960846512417047
2022-06-13,-0.018133411095118346,-0.035414433644951115,-0.020359061395657463,-0.018918767985980356,-0.04175706868819218
2022-06-14,-0.011005539391718666,0.011267035959376948,0.0030227296603835274,-0.013068403518933236,-0.002810976219039807
2022-06-15,-0.0034681125273008373,-0.012738271652217636,-0.007722732298486856,-0.01210018156142001,-0.0013239361381318648
2022-06-16,-0.020000642268297564,-0.01757828964479269,-0.010250554234405351,-0.013981257127930191,-0.020054207883506203
2022-06-17,0.006594847198335918,-0.007085533829367274,0.009973167445227027,0.01171867058382392,-0.016900050156328006
2022-06-20,0.0251211608387083,0.019354122855121503,0.0030384330878774346,-0.018127395804297786,0.007607736263232301
2022-06-21,0.010891378165838628,0.025280205035222325,0.021961416400328115,0.016142122158476324,0.03198512551237709
2022-06-22,-0.004713651776104055,-0.008724797211153379,-0.01704344497954524,-0.030378132511970857,0.0034245773104959465
2022-06-23,0.003683525916893249,0.010575688013271467,0.0007537293298933712,-0.016223745974097148,0.026637344173832567
2022-06-24,0.013968525475811733,-0.007814297799868197,0.001318354635432284,0.014239772363903391,-0.00474489818524948
2022-06-27,0.001809583945608928,0.02324620337096972,0.015422157539403791,-0.0029600272909708902,0.00655890943451598
2022-06-28,-0.007631268137507807,0.0037637345239949216,0.007038453843868808,0.014061403369988179,0.001040991654291279
2022-06-29,-0.0014489640717417762,-0.011417861080084246,0.008092580459417187,0.020750067634999647,-0.00833311171836848
2022-06-30,0.0030136012719248484,-0.0009225074436474134,-0.002006756429971168,0.006007339612090767,-0.0071111153704889185
2022-07-01,0.0042655925616648105,0.011970627382664079,0.03967078778119926,-0.0720243154207928,0.014691807417186231
2022-07-04,0.001403456299268191,0.0058132375007891035,0.026551787296793528,0.002075887395082132,-0.024147103703501593
2022-07-05,-0.002249793725242588,-0.008098276742484534,-0.01712912439716696,0.008099618460309932,-0.005795704577426619
2022-07-06,0.013788316744439033,0.010637433742242797,0.008365299539993654,-0.00879497419965225,0.013820055374140106
2022-07-07,0.017903301377358405,0.0047261463699068695,0.009160104900401977,-0.00984708684137059,0.008311068034468017
2022-07-08,0.0009313211537584909,0.010509267726140692,0.0037676827266679425,0.0013817827558904039,-0.006813119986430749
2022-07-11,0.006477772639859047,-0.027270805740588155,0.006654182275990461,0.013590433038765282,-0.04644073812566363
2022-07-12,-0.010205211091392385,-0.023452990441241717,-0.0077964720215784045,-0.0014234663536317749,-0.009345409154480233
2022-07-13,-0.0243928536046909,0.004066309037242144,0.004612192664877224,-0.017723871291533744,-0.014896138995238783
2022-07-14,-0.005007872356286747,-0.010799824759950893,-0.010882460618317658,0.008243759266161277,-0.010558354969953276
2022-07-15,0.00814181735525854,0.0010497169568699505,0.009282873031549954,0.0019399510502025041,-0.0013840883932356718
2022-07-18,-0.010645618499454779,0.04163327124607252,0.005961593881840033,0.008514275891133849,0.023008043703619308
2022-07-19,0.00037097532717567105,-0.00385928724248763,-0.00237050556128493,0.006130801356897031,0.0035092955310089824
2022-07-20,0.012610647927237206,0.02098850620356041,0.012219982392012607,0.02704016538623688,0.0294542581131223
2022-07-21,-0.0031498964902587634,0.011614840278075578,0.004527246827465525,-0.006672041542459262,0.0039497481978860716
2022-07-22,0.023332661223227413,-0.01735297272501124,0.0033384668808140727,0.006757212428402326,-0.0019829080550125555
2022-07-25,0.002944330455865618,-0.0017922845473252735,0.0018297570227001625,-0.033039048886615796,-0.001340313112107916
2022-07-26,-0.002040684721113406,-0.03488298941159973,0.004483523918637822,0.000454336821754886,-0.016057600779496584
2022-07-27,0.007641276563445043,0.01371311655384111,0.005620982655178741,-0.0009496966554546349,0.023412354989867934
2022-07-28,0.008864996959315752,0.03150829389727705,-0.0023017659644214428,0.01566637109219582,0.02246882365389591
2022-07-29,0.012245482632879945,0.021286412245934194,-0.001317939865245088,0.021305662275123316,0.012697428994440152
2022-08-01,0.008332059723796581,0.0008710452725606554,0.014683937502826261,0.026061293120111184,-0.0009388336821373189
2022-08-02,-0.010994632413193095,-0.004803235886091994,0.00796736276257115,0.003806141630979143,-0.0021219715467467593
2022-08-03,0.002342197658813383,0.01457644927880497,-0.005807225593707943,0.00839563238205332,0.014490547782483487
2022-08-04,-0.00118574903264701,0.021582204091732393,0.004381064101105059,-0.013217724520721008,0.00462652773892569
2022-08-05,-0.003387130551625206,0.010469478549574474,0.004361837887175035,-0.014736221725002996,0.003010445360556613
2022-08-08,0.024526223411191372,0.0017009908311125255,0.007398877532979187,0.013082164304894395,0.0027934886920362167
2022-08-10,0.002906818608324091,-0.010466881353602853,-0.006227074167594715,0.00597934255030208,-0.005986260984071068
2022-08-11,0.013230581546427533,0.010920859017897744,-0.0159059264196606,0.0033301957031468543,0.020347449688426167
2022-08-12,-0.0003702044816258354,-0.01595742339226569,0.0075098940031834704,0.016170684902742982,-0.0061213998777445155
2022-08-16,0.011446680975836454,0.0014742760107033792,0.006481944744291646,0.006950095156116554,-0.0026016219015101427
2022-08-17,0.005159207436433055,0.006138662312213938,0.0064404313665582524,0.005224025356057371,0.002475775699682048
2022-08-18,0.0011920298910590432,-0.014505921271425137,0.009918344293490922,0.0018135264755134717,-0.005836172017572583
2022-08-19,-0.0123370724554841,0.008938988836230566,-0.011563447522933146,-0.01782963293132045,0.0013305694391692047
2022-08-22,-0.015203746894325021,-0.013430510401183149,0.007692437163116406,-0.002773763205759505,-0.009214663474349072
2022-08-23,-0.003094440256485975,-0.0211023792033751,0.004770800349750415,0.015422416830072727,-0.02085249628255237
2022-08-24,0.004809630684436517,-0.003177019795263747,-0.005697731917398086,-0.0026635611319306696,-0.008905165809250049
2022-08-25,-0.005431592738113777,-0.012585277450031573,-0.005571440202520428,-0.0029169350696027774,-0.01141218500933694
2022-08-26,0.00017059118765749837,0.002239530893259678,0.00176057453066214,-0.005338078291814985,0.0012431564669426187
2022-08-29,-0.017541488579352893,-0.03930195185916363,0.002077273039729377,-0.007773081304953466,-0.027822712980373643
2022-08-30,0.03244414313324029,0.02134428836508695,0.02216575315484759,0.015513949903363411,0.025091646566205217
2022-09-01,-0.009386972019100326,-0.019257285675183367,-0.009048461588703538,-0.02939787414630679,-0.02474209160096652
2022-09-02,0.009068361247239975,-0.0076490320645475895,0.017474743654005476,-0.011677796260084805,-0.0004152887944176564
2022-09-05,0.006428814121308912,0.005712256867459908,0.017638984007877667,0.01553062529449889,0.0009586281068492131
2022-09-06,-0.003812608623201652,-0.004242824591550565,-0.005169511954496442,0.010525930229279057,-0.0020266260466835773
2022-09-07,-0.004733579645045394,0.0017524278398466375,-0.003209473796700224,-0.005814710224202213,0.0072112192716558
2022-09-08,0.010321812015120724,0.012520249299114994,0.0116528316704132,0.001413809804154731,0.006365792903076484
2022-09-09,0.0006676119844566397,0.024222507558764317,0.0018186815589005256,-0.006227184727505497,0.015143677403052669
2022-09-12,-0.0033697752549254334,0.0162403664312174,0.0012103984128348788,0.011189704801322531,0.007862693534156362
2022-09-13,0.013089577071476732,0.0056959594424563775,0.010577040972052476,0.008352546182887055,-0.004193419128375231
2022-09-14,0.010276942077391382,-0.045017656057645516,0.002840981510548568,-0.011985969806073804,-0.033737662086689046
2022-09-15,-0.005200547438274805,-0.02887348817925972,-0.0037274420735787794,-0.009909658052743908,-0.005143420832406043
2022-09-16,-0.018379817701610235,-0.0389097563776899,-0.008380846651973028,-0.02477866705845011,-0.03081157809755486
2022-09-19,0.0065985595031552435,0.009621967070422066,0.012979332970070034,0.0013003341836381743,0.006680597492304763
2022-09-20,0.012045915492363335,-0.0012587400946562077,0.0011917899817406319,0.00015985959711106723,0.0037968090480686723
2022-09-21,-0.0015454148175476634,-0.008138050232432636,0.014732022476179996,0.002757030454368925,-0.012860249978039584
2022-09-22,-0.021305882117054198,-0.006752630313494157,0.01202532607030693,-0.009423352777839678,0.002065336597374623
2022-09-23,-0.026817161043642845,-0.001827579932031309,0.003912548790892645,-0.018744184995918123,-0.008428896142110398
2022-09-26,-0.013484051002688124,0.010838924818705742,-0.039838355587181074,-0.02547659688841286,0.004141472109964628
2022-09-27,-0.008971961852335286,0.009636023569044028,0.006764719082046788,0.007950048513079233,0.007697530405222031
2022-09-28,-0.01718721121978961,0.0008252623155218242,-0.02956534666344568,-0.026624848720548266,0.006031712825771862
2022-09-29,-0.005181546752091926,0.0028321544267029264,0.024926929341010373,-0.0030654132919567534,-0.012633196688719761
2022-09-30,0.02821285978955168,0.010581541779826287,-0.0025521604266963704,0.02255610218336801,0.002418816214150299
2022-10-03,-0.00573397309896484,-0.013937416566321748,-0.02347992750954042,-0.0034695692093079655,-0.006523621544736735
2022-10-04,0.02816299767657804,0.025578493702666627,0.026048124017503227,0.018442549179660928,0.03557851550563784
2022-10-06,-0.011011592142094906,0.01801444600989477,0.011416629160545533,0.003687980576325467,0.0034938814679335017
2022-10-07,-0.004314596378945157,-0.002714408446207184,-0.0075746057964495295,0.0042320744053727655,-0.011943909014645482
2022-10-10,-0.01104272439803955,0.007890011048518941,-0.01870693940088486,-0.0109153781425948,0.017504432211136622
2022-10-11,-0.010141383042676644,-0.026561392188644062,-0.0047277936648398855,-0.019910347914514737,-0.015712163483927788
2022-10-12,0.006532718200884302,0.003441470896152765,0.011645469436526223,0.007358309753732639,0.010164328722158444
2022-10-13,-0.011491087171133674,-0.006159293828990164,-0.004392548934703644,0.0031785978166363194,0.0008222293225252919
2022-10-14,0.032577521674793886,0.03827723356435819,0.010497551020140161,-0.005078014047500079,-0.0013373697724737843
2022-10-17,0.005246693313851081,0.010649332845706239,0.0004516314128817367,0.01605004919058306,0.006664289774333199
2022-10-18,-0.001866481792748509,0.00922845733007982,0.024228884368839854,0.017644022242920387,0.010589037015865665
2022-10-19,0.010250363649605632,-0.012136646011642771,0.017778343364153404,0.01739930775856724,-0.007266342817755067
2022-10-20,-0.006752731799208989,0.01040101010018657,0.009672379669797948,0.002686613542715266,0.011355503825171809
2022-10-21,-0.007040377279890375,-0.00026661835142893775,-0.011724433086617525,-0.011597324220869898,-0.0063028476641567854
2022-10-24,0.015605404573704407,0.011562880020144384,0.006076374253449757,0.003337933287856698,0.007745130612246243
2022-10-25,-0.006947055065766872,0.005567044909658536,-0.004026312024596024,-0.015444433864940765,0.00012654997610006546
2022-10-27,0.002412375970451741,0.009371972329015765,-0.001443811371201198,0.003931780072657709,-0.00148629543191503
2022-10-28,0.0029564717146646213,-0.007021031915615539,0.0,0.0305980481475272,0.0018528126469912198
2022-10-31,0.026050576403058523,0.016124162002094877,0.008386338881025468,0.009282890515158293,0.009452234095618905
2022-11-01,0.011057648750169902,0.022989596218317532,0.0022941365475932507,-0.007746260541677152,0.020841410773227098
2022-11-02,0.0006277644393783977,-0.012523821474789809,0.014735375975768461,0.006245323406491199,-0.005521768688129813
2022-11-03,-0.004391761733543387,-0.014517429570072626,-0.002678562645009319,0.003731815200460842,-0.0107813483107152
2022-11-04,-0.006898450427600289,-0.01094238693504479,-0.0002829038997214095,0.014715513605552566,0.0033211350143242946
2022-11-07,0.007781431928526317,-0.004326300710031705,-0.0002828822373757145,0.005341741835029001,0.005065965488895818
2022-11-09,-0.00029837184311409803,0.002487454565457403,0.0203676881696635,-0.0009974666828893586,-0.00545800599735613
2022-11-10,0.010872840436952025,-0.006120766904067265,-0.01303007017510971,-0.012096770466866302,-0.0032337529434313117
2022-11-11,0.05666500336846991,0.04537441006593923,0.000983160484606893,0.023051664455514542,0.034407975039073335
2022-11-14,0.0024206734614953263,0.009680806684722487,-0.025677061889982644,-0.00484477949151052,0.005895731428703366
2022-11-15,0.0024457731871314614,0.005488001414546639,-0.005616279274547553,-0.0044862027238016244,-0.0008694742514675502
2022-11-16,0.008585468816474817,0.005520756947247518,-0.003330938588547938,-0.005733969771021696,0.006826593509690948
2022-11-17,-0.009032937361613258,-0.00960819663826884,-0.0011625593992906635,0.0025844804296910606,-0.0018926040491409335
2022-11-18,-0.0026264033020060307,0.0037797112065192096,-0.007710161713933905,-0.0005386101697008039,-0.0016572480135045309
2022-11-21,-0.010254729486237846,-0.015815294904031996,-0.011288622419789007,-0.017997112481953015,-0.017930524649080404
2022-11-22,-0.001471257043701657,0.010744899764939086,0.009045133507399328,0.005547101142766131,0.009578239497639585
2022-11-23,0.002601934483453583,-0.001198792273046534,-0.0013226517645645863,-0.0031188515220468283,-0.0020061528551174046
2022-11-24,0.016258656126131088,0.029466615146519715,0.0027958335485629426,0.00862325718365975,0.02171810605199198
2022-11-25,-0.004614966851243962,0.0035893419142378757,-0.001320605445505052,0.014927647953235201,0.0028106284152871197
2022-11-28,-0.010756416677389913,-0.007489249979697021,-0.0007347925320897453,0.03436355519505385,0.0016520675849076571
2022-11-29,-0.0014996638260855732,0.0034803448123192915,0.006616832141238316,0.0017172978849127052,0.0006184832725035783
2022-11-30,0.0066337873588653284,0.0036216333561533975,-0.006719185136063399,0.007060716303723735,-0.0019280117681373943
2022-12-01,0.006870035641567851,0.013547869488922393,-0.0013236242168221946,-0.0029472663135703403,0.025023543110755053
2022-12-02,-0.007656620834038619,-0.011586452691335625,-0.007068191106193167,-0.0004222265143128956,-0.010501631854147653
2022-12-05,0.0036400024405072173,0.0011293122222835184,-0.0011864176779113889,-0.014583970010433434,-0.0038526848532595137
2022-12-06,-0.0011159508302155396,-0.01637437267733244,0.0016333287939354069,0.002889044290670828,-0.011836176952435884
2022-12-07,-0.0004343607456928078,-0.004587927057604357,0.008301123284466305,-0.014757275261258918,-0.0014030741638617616
2022-12-08,0.005619448850720188,0.009124714658363065,-0.004998512523725296,-0.0004715561544786917,-0.008888962329785421
2022-12-09,0.007131919001200915,-0.03138594323532984,0.008865211101331427,-0.015155156523207536,-0.017251008351805708
2022-12-12,0.007786406700851511,-0.014082740254949822,0.005272364776338634,0.0015330462791804944,-0.001913208223627949
2022-12-13,0.0027680059291150805,0.016125989405450403,0.006993020184870691,0.004554030995900238,0.013890293724993397
2022-12-14,0.008463252527359133,0.00461151675300453,-0.0005786527506922434,-0.0036190073370315767,0.009978724497186509
2022-12-15,-0.01831853421201901,-0.024629616114743347,-0.018963307794696127,-0.01420399882302159,-0.01790288670300688
2022-12-16,0.004810630541242311,-0.01187927155674362,-0.01106714014067911,-0.004945007020810577,-0.019621507484151368
2022-12-19,0.003110450226181838,-0.009755560553220577,0.01611478436339442,0.013135413074064628,-0.011789064609876165
2022-12-20,-0.006900730192377802,-3.3112924875289274e-05,-0.0010279151154014565,0.00865623259137105,0.013085497935573898
2022-12-21,-0.009673186696852132,0.0014926034755771145,-0.014699475647890203,-0.014226882921651529,0.007583198745142461
2022-12-22,-0.0034309964530242487,0.008280715688727014,-0.008055921067105731,-0.002592330364802109,-0.002707735247443943
2022-12-23,-0.008932590807788077,-0.01639244915273952,-0.017296038072791897,-0.02932730041118281,-0.009617276739558922
2022-12-26,0.019904090504493155,0.003540224894075461,0.02418116802046888,0.008732132492789813,0.007604499861827874
2022-12-27,0.001012635287583885,0.008286635719096935,-0.004333473543538302,0.008181279603279412,0.0020287706100152736
2022-12-28,-0.0007970479750711856,-0.003102564485560899,0.003752056975384166,-9.814830713605893e-05,-0.0007361797034918238
2022-12-29,0.007056181874078193,0.0049002641390265556,0.002840981510548568,-0.000451904868350117,0.0035767349255428904
2022-12-30,-0.008011987840586543,-0.006161460795085394,-0.011331411033048355,0.0015332809657724322,-0.0036863930097859043
2023-01-02,0.00033781459666015756,0.010476233593295525,0.003920848375167374,0.011267369057567311,0.001458500214621905
2023-01-03,0.006538975476135578,-0.0009514430423259723,-0.0052575927607873,-0.007317846942682227,0.015300091014013528
2023-01-04,-0.017872847623497168,-0.018226025480016617,-0.012382961245209434,-0.015056372900683068,0.0009963968494912656
2023-01-05,-0.006428470921283069,-0.013112130410210754,0.019724682697419338,-0.0017868175567857802,-0.0010707868299031365
2023-01-06,-0.00331309755114495,-0.018099243765595463,0.004798437576517767,0.00908899258763829,-0.030065697343433784
2023-01-09,0.0019442491063796918,0.024818942589437176,0.008953742432672662,0.023611466713073792,0.03375328579656767
2023-01-10,-0.01827849623009392,-0.009902864150941326,-0.013755321660623099,-0.014787490451594998,-0.010105838481310192
2023-01-11,0.014410505532401086,0.0010206124779701398,-0.004799049252287357,-0.012605456587987396,0.01287130777186074
2023-01-12,0.005342859887966567,0.006355180669133986,-0.005876950654601476,-0.02159420047461358,0.0016973638035433503
2023-01-13,0.0007815180420902568,0.015568091318994393,-0.003334882480368173,-0.0016183328834358246,0.012056429772639765
2023-01-16,-0.009589854634189043,0.014531270677347274,0.00441069555927176,-0.009523415273724134,0.010455985407840762
2023-01-17,0.014886814203356913,0.009177274442935701,0.00620824718483548,0.014197583677735048,0.013302132812148093
2023-01-18,0.017651807396382502,0.003832470678720279,0.007223598336451698,-0.0016541938679829338,0.0034334771468411684
2023-01-19,0.004153064513967353,-0.00420601344081184,-0.007470585516692108,-0.0010708375808450299,-0.004985162931544718
2023-01-20,0.01024883299618562,-0.008675028252223105,0.00737618580070154,-0.011892981448052287,-0.0029645723828685133
2023-01-23,0.007315171353029948,0.01471597998956864,0.009414257088184774,-0.005055950556254185,0.015402329730679787
2023-01-24,0.013388294974792991,0.0025192834813849707,0.0035530368273481994,-0.005904560308146678,0.006266757959710878
2023-01-25,-0.02763198511131726,-0.005734763766584994,0.0008851143629089453,-0.01382486439006081,-0.0019062323187066799
2023-01-27,-0.019925361547316833,-0.01545693394288794,0.019896772491720283,-0.018971177009847073,-0.005452218618127502
2023-01-30,-0.0010211897661523972,0.012934814778730264,-0.003468006313744554,0.009583559952507814,0.006625558414005583
2023-01-31,-0.006597917890464267,-0.0032817612750266623,0.021896590410865002,-0.0025004051188896037,-0.021828140244927297
2023-02-01,0.014998517535951716,0.011312107049161302,0.02568446480337161,-0.005926381183538054,0.014782430851778328
2023-02-02,-0.014869008848611198,0.02104958124030709,0.04759288696316122,-0.005534414784891695,0.015271343274768867
2023-02-03,0.03458380399771066,0.009881598980206796,0.005414588322562475,0.0008808411027003693,0.006328827508387036
2023-02-06,-0.004250034277553438,-0.018475734625427287,0.007224604134063339,-0.007535384906841025,-0.006418369387403811
2023-02-07,0.001483163259389686,-0.004745621479117612,-0.026473667521619282,-0.002400987049316017,0.003641917512496873
2023-02-08,-0.00012092810827801781,0.01798512396708296,0.0061621246060499235,0.01997044945426807,0.013693019490481628
2023-02-09,-0.002085782832711991,0.016661482391414628,-0.0034616674253590274,0.0017432976328535243,0.0058949542121000675
2023-02-10,0.0039684040125325115,-0.005225664155697363,-0.007748916945945705,-0.008234161675311213,-0.0009320784848686481
2023-02-13,0.0007543057007950438,-0.025551066137866063,0.007674702712660686,-0.005691914933354525,-0.015589877064735136
2023-02-14,0.009256189016533689,0.016459925851829427,0.03273650582736343,0.023565201007728964,0.005082595067251061
2023-02-15,-0.002031295686532042,0.0023851614238254992,0.005210411963378236,0.0226439505635323,0.005871290843758148
2023-02-16,-0.0036221879363886877,0.0029742116093178783,0.000915720560972888,-0.000781235482407161,0.010622893398342326
2023-02-17,-0.005017211843016289,-0.011237528248999484,0.0022220828467525156,0.004176852860159785,-0.01599182441117153
2023-02-20,-0.00939076359274138,0.0054615165532576615,0.001695287742488949,-0.010572772478113612,-0.003955723379867604
2023-02-21,0.0037491819471047183,-0.008132062134792117,-0.004686931583422704,0.00815931881261811,-0.010409301515985292
2023-02-22,-0.0196172542223082,-0.011205993653130686,0.004185656433447038,-0.02267789128612563,-0.01432913201639896
2023-02-23,-0.006783639425498644,-0.00710731199972181,0.009769552726903719,-0.004792168145840492,0.003601217043192495
2023-02-24,-0.008919432445786524,-3.218725256048938e-05,-0.006449930027229489,0.006842791874445808,-0.003910498105164084
2023-02-27,0.0024859474912646284,-0.026666151654048842,-0.0075305634795654885,-0.006649328655966902,-0.020173797698010976
2023-02-28,0.004206234161422184,-0.014410645093528518,-0.014390331027890113,-0.01913130190652368,-0.00570254387643776
2023-03-01,-0.0009689643548155269,0.005714145619715838,0.005309249504383384,0.009192494808849982,0.021990252959300127
2023-03-02,-0.008510533925928154,-0.01597546473812339,-0.0083178407180039,-0.007615487257931708,-0.018976955719324007
2023-03-03,0.019849354752066173,0.004856776712497846,0.025029863866751878,0.025515304630292057,0.006232209570349978
2023-03-06,0.007054863256338528,0.019029272620283644,0.008312781050249463,0.009767736974090058,0.008886633990135229
2023-03-08,0.001997155917770055,-0.009784706092391793,0.01094929841013803,0.0035911804923451918,0.005501233468470312
2023-03-09,9.187541289490397e-05,-0.008240081691933243,-0.012487114994223725,-0.024034479756627536,-0.015794471327924886
2023-03-10,-0.025786382452085865,-0.00597820345509803,0.0012902274856994023,-0.015492309610436683,-0.0017533145175635534
2023-03-13,-0.012652220164935502,-0.024769731816811524,-0.011211372351763282,-0.016446320154142047,-0.01472514743645148
2023-03-14,-0.002677753346180811,-0.01052201429763755,-0.01029589680563392,-0.0037426419231378905,-0.020414812273941485
2023-03-15,-0.014350887145308522,-0.00024642380845796286,-0.000790058000341487,-0.01709185402885549,-0.004992299517550203
2023-03-16,0.006485461391291691,-0.010953327039805005,0.005403355900948759,-0.004984211156078944,-0.00434521094417839
2023-03-17,0.013370736280613693,0.011822558299693142,-0.01546723295059993,-0.0012578657152514383,-0.0017895141717814145
2023-03-20,-0.006931005801622092,-0.012001267019009831,0.008653901695227395,-0.009828593079971859,-0.011323440848712618
2023-03-21,0.011333349902558298,-0.009225971391570775,-0.0048838951506802175,0.031095783633779517,-0.011834646729512066
2023-03-22,-0.002310882897972766,-0.0010425441868183727,0.002122347757668841,0.003040240627299351,0.007952233067537007
2023-03-23,-0.00802761451093248,-0.010581279098565433,0.007676994404416604,-0.01265043541995059,-0.0019646172940980255
2023-03-24,-0.0015993645712953919,0.00443772342822446,-0.005122792508077456,-0.019797240492086754,-0.001328081285497995
2023-03-27,0.004357120157095995,0.00601168170623434,0.003960907681144432,0.01554492654595152,0.0005770173771733056
2023-03-28,0.008134229597884346,-0.008171662994845397,-0.001183574928688813,0.004670342556919671,-0.0020498501283536807
2023-03-29,0.004809579117877494,0.004319300301370399,0.007900004901684188,-0.005916375657558426,0.007381475511023972
2023-03-31,0.013698271183044675,0.03209126212714275,0.0019594516567964515,0.0431153545620222,0.021345012672342234
2023-04-03,0.0006212559536700191,-0.011975196167310798,-0.011994861296151349,0.00017161391183129204,-0.0018402904514968066
2023-04-05,0.026823043319541107,0.009001715870424087,0.01979427263657585,-0.0024019531267025496,0.012437526486079209
2023-04-06,0.007619086189819546,-0.0011592023961960463,0.0024584842296260234,0.006707101431213225,-0.005895543212501297
2023-04-10,-0.0047409560060140965,0.004008747822568992,0.0030980012638675003,-0.0070895451222589,0.013258009291918116
2023-04-11,0.0029245900606158504,-0.015025109754951416,0.01917387915874036,0.004946597997528501,-0.015198945968519229
2023-04-12,0.012986186971441382,0.01575210394529547,-0.0061868420582295025,0.004408690243928648,0.008665703810687653
2023-04-13,0.004480897519579807,-0.027375248707689148,0.005208899081446949,0.003771146320682428,-0.016287991375710464
2023-04-17,-0.015244092325871539,-0.09422673189994868,0.01150167243706357,0.005073294224159808,-0.015475634593748455
2023-04-18,-0.004230168345934926,0.0008344842001222208,-0.00412364496679718,-0.011446835349817275,-0.0027871510801120714
2023-04-19,0.0036755800891468127,-0.02155906913743111,0.0006273064434600961,0.004977935953307311,-0.01314363956476583
2023-04-20,0.003722204360122383,-0.007141445954583103,0.003887323183682234,-0.0025300184592548236,0.004919561383089022
2023-04-21,0.0016149047399673933,0.0032287313023633413,0.019859950440738183,0.0012575605513753807,0.01805295175471544
2023-04-24,0.008091577183391596,-0.0008554189128914258,0.0011023407729995327,0.003831465166304504,0.004413180021209495
2023-04-25,-0.014216755954543525,-0.0011418244770481367,0.006973371118748295,0.007654775303993722,0.0003779858979056083
2023-04-26,0.004596909822880191,0.0021635794738670278,0.0017010024323251827,-0.005871009310085773,0.006974085217338555
2023-04-27,0.0055029926653067385,0.01523347352341764,0.00909635221399907,0.006329076665974487,-0.0031892545979724796
2023-04-28,0.003926250688288002,0.0052156258377202835,0.02295658781073695,0.018278901573977047,0.009818239057143963
2023-05-02,-0.00020737946172133537,0.019716650313507778,-0.0025847333417877705,0.008489959566938987,4.655406322529032e-05
2023-05-03,0.0034968617858857076,-0.006497340642507288,0.00636110474920959,-0.00858236750432706,-0.01226955871226254
2023-05-04,0.020464766358192943,0.003467026593926059,-0.005969708309697785,0.011528404448272411,0.01283074247182392
2023-05-05,-0.05912145110329037,-0.011346298132409727,0.009773817836438381,-0.0025530362364671877,0.0031049362521482493
2023-05-08,0.011564612686249642,0.005162290689588733,0.006297308638445465,0.01234764080761197,0.006159669356677666
2023-05-09,3.0391987993150238e-05,0.004029725549156149,-0.01773088271045775,0.0030947752193404288,0.010044202935858948
2023-05-10,0.004621447282649349,-0.005862842460462314,0.003657383648021595,0.006876407039037247,0.0010813408429770632
2023-05-11,0.000665834833803558,-0.005660033634206418,-0.01163743407212281,-0.006528898860441723,-0.0014145802290473908
2023-05-12,0.00883148009084378,-0.008677560983569976,0.00011894242757226614,0.001632709211621508,-0.0023918793004763517
2023-05-15,0.004796690726811104,0.010560406151707058,0.017481363273296635,0.0019723320264461996,-0.005879113803961
2023-05-16,-0.005733970474805616,0.004728521476038194,-0.008999729336424234,-0.014241073198201004,0.0009523347410738126
2023-05-17,-0.005372454062468779,-0.013762443385085033,0.008609590708256398,-0.005909256702143262,-0.015177273267059532
2023-05-18,0.003997697930977484,-0.0007218116383320705,-0.018475224392966894,-0.002152146402083055,-0.0027580686358348316
2023-05-19,0.0011550661210744106,0.018378686026872426,0.0003574224303106721,0.003245399247497227,0.007187733629722137
2023-05-22,-0.0035521223525563084,0.01883539335778206,0.0116708691010865,0.0053441948145880325,0.023535220471126772
2023-05-23,-0.0023461079292181886,0.005607978711301476,0.010358904972414429,-0.0001834269202750649,-0.0005004132589693233
2023-05-24,-0.01307105232235617,-0.0010770503603971804,0.010136510784158892,-0.005825853647270285,0.0019110912495883259
2023-05-25,-0.0038371917397499455,0.004389202837746575,0.017647031452310724,-0.00012284113014715548,-0.00298204387826162
2023-05-26,0.003851972496796474,0.010043346127573738,0.005553481924070125,0.027275177223661906,0.010748301198174381
2023-05-29,0.012192023043485545,-0.002315080483775489,0.012398603206644765,0.005625304653326557,-0.0025681969695695583
2023-05-30,0.0007643441431899323,0.007189504162384397,0.024282973133954888,-0.00025790129032332576,-0.001249966573017125
2023-05-31,-0.015824045180777846,-0.004192343488641503,-0.00978000320181649,-0.019861505980269256,-0.008051339949476266
2023-06-01,-0.004252340519518949,0.0009102906357283391,-0.013019061444830116,-0.002692473589528843,0.010487929785133243
2023-06-02,0.0015584745385697207,-0.0023041202718099285,0.008414800060830396,-0.0032680465833422323,-0.00553533925939953
2023-06-05,-0.0013071034169856999,0.004234077193501884,-0.006202059516198011,0.008980979718488769,-0.005052292488908927
2023-06-06,-0.003116484774013828,-0.019547789240279,0.004879193616645017,0.0008478003068661533,-0.017209309783610904
2023-06-07,0.0051894437478976485,0.007779597945087868,0.002597131157663801,0.007582647132798437,0.013179378985497925
2023-06-08,0.0006219395919038195,-0.0047712585725432355,-0.00236509682458641,0.0006003982174092037,-0.01174071040249236
2023-06-09,0.001181208003463885,-0.013135489276729584,-0.01004741720119573,-0.007080961370136252,-0.00838882026026666
2023-06-12,-0.006084702762612637,0.020537901166058026,-0.003421205585800946,0.000886382028176147,0.011715764540808138
2023-06-13,0.0016866237551269592,0.009985033073522276,0.01933850514891078,0.014773657669752804,-0.0009853037267103515
2023-06-14,-0.0010913428295437066,-0.003410383597950206,-0.0020204599446788096,0.012297414814561813,0.0022657792675597754
2023-06-15,-0.012299045836445921,-0.010458257110662394,0.008098980514529064,0.0002742338585028925,-0.0033311897851238115
2023-06-16,0.01308421912757507,0.0037689026897025357,0.011158145234386962,0.009735513877803248,-0.012871890600970604
2023-06-19,0.0008735454537061038,0.0018194687220474126,0.0011034785775743128,-0.009932564181680537,0.011181483759004296
2023-06-20,0.0020883781167555515,0.00726425108902351,-0.0016533933821840652,0.0020769665976194673,0.005388659141145613
2023-06-21,0.017480524815963516,-0.0031071506483391076,-0.012807830569993128,0.0028157664095569412,0.009449323321310876
2023-06-22,0.0048911811676144445,-0.013699276757998202,0.001342233972199569,-0.011231231964013988,-0.006046116526540968
2023-06-23,-6.081260751411577e-05,-0.012913927543573456,-0.006478342935903991,-0.008183777628040678,-0.006839637851752456
2023-06-26,-0.004837299975780307,0.004229208898625103,0.0021360189938219865,-0.007634878421472924,-0.00830128973494082
2023-06-27,0.01409316079374956,0.006927225057275388,-0.0013461441841172705,0.00036067853855548115,0.0024139357669854533
2023-06-28,0.010581195654467024,0.011101010271096223,0.009548384447938707,0.01323874951584103,0.005660997065880968
2023-06-30,0.015064288463391806,0.03258979802660189,0.0050072479507785594,0.00820318900730177,0.026994592808557538
2023-07-03,0.010814622601594825,-0.0013478725769688893,0.02579707876823001,0.025664134100495506,-0.00906947353573595
2023-07-04,0.004884258460840174,0.008585402668718656,0.00669187526042081,-0.010303090712527663,0.011169507898828979
2023-07-05,-0.03176709452242499,0.0015982081790884006,0.018762806459803105,-0.0016417822106792324,0.003354576021868283
2023-07-06,0.0010159144440400336,-0.0025235746794062264,-0.0025258305365277733,0.02099047816519084,0.000888532635614725
2023-07-07,-0.008716392235104897,-0.010194207206474681,-0.01160579473219192,-0.0019516771665121224,0.001911000243375982
2023-07-10,-0.00237896414718175,-0.0007892765027922577,-0.005444017418254732,0.03852136695901098,-0.017211121832318987
2023-07-11,-0.0048597476480506385,0.014633405495446894,0.015670246138996147,0.010840778220829517,0.00013770434851889668
2023-07-12,-0.009372791311089146,-0.011345138460726378,-0.0017964791524953672,0.0011032091528251353,-0.0038199329756996026
2023-07-13,0.004990894263712464,0.023850588271103312,-0.0006352011971212379,-0.008942320122229841,0.024740190436209453
2023-07-14,0.0020718484836235174,0.04457544957448989,0.0019067414746589684,-0.0008384856837416743,0.05211700914793549
2023-07-17,0.02091823151829897,-0.0021039277493360986,-0.0011630336654734341,0.020432860121354146,-0.006529754766214091
2023-07-18,-0.0008339239423119649,0.03671956604426119,0.0003175669942523385,0.00849196120665141,0.0014749484785343547
2023-07-19,0.0045306017846094004,-0.0001695110514261522,0.013439206179266083,0.007587644019940054,-0.007664118732509717
2023-07-20,0.0021660743855471676,-0.017254769686784188,0.027774858517888745,-0.0012112040894887155,0.0006502155763266071
2023-07-21,-0.007697988727785932,-0.08133836941441508,-0.0034541778695197367,-0.0309558494555926,-0.027430297617225374
2023-07-24,0.0015813270199993568,0.003754836682357654,-0.03894393095503146,-0.020226646234984158,0.007852384751905639
2023-07-25,0.010843717835440803,-0.0014962179889481675,-0.01920010843976039,-0.0006430880929476634,0.0012960100843333322
2023-07-26,-0.0034776341709508163,0.010677179537493808,0.02152279282499192,0.016252171732105358,-0.003191945232395188
2023-07-27,-0.010380225262904719,0.003187941109601411,-0.015246150040767015,-0.009302464637258923,0.0025382259102038063
2023-07-28,-0.017721070020581653,-0.00934853381624745,0.0073109285036978555,0.010049186754339967,-0.012217099720596258
2023-07-31,0.004685068444669982,0.01133893776316075,-0.005870335580843267,0.008465680377409468,0.019684965293371937
2023-08-01,0.00669209192221798,0.0070076583778166945,-0.001932535966848059,-0.014141416292952513,0.008943346993968593
2023-08-02,-0.013084641821406673,-0.006116256493538086,-0.010111938203523074,-0.010683560280627447,-0.003302536054762384
2023-08-03,-0.007223389808637126,0.005490563517429825,-0.008802446474714842,-0.004202931956756251,-0.011828865087977536
2023-08-04,0.014459721870792253,0.010298323896716699,-0.002411934343111266,0.013591001723298746,0.012823457975045471
2023-08-07,-0.0005749024491344956,0.010628609259256017,-0.00010992956900002238,0.005698252275666782,0.011761271189213662
2023-08-08,-0.0008175085356503242,-0.0020100075161967323,-0.005605654881352229,-0.006022717259995147,-0.00386039986677833
2023-08-09,0.0003636344011825887,0.0030211309113585827,0.01392729633782297,0.006597382475515889,-0.002333966255121722
2023-08-10,-0.008876171039039593,-0.0038010422443517378,-0.01504420231000092,0.004454951854089506,-0.005891572417972002
2023-08-11,-0.010422693526551674,-0.012418107975128767,-0.006640810730841662,0.004218488758902961,0.001946371618914533
2023-08-14,-0.004880120464053395,0.015818175847735372,0.0010028040257779036,0.011817130551516453,0.0003046352838256272
2023-08-16,-0.002917690728519662,0.01790386156656698,0.002337377874394697,-0.0008147887022478262,0.0024781915055032133
2023-08-17,-0.005541001710545279,-0.004899455927719454,-0.020544036420374945,-0.014426274382724147,-0.006549347680257056
2023-08-18,-0.004100687425927285,-0.01611716772100369,0.001473897765019938,0.007407409568482626,-0.019981021332664106
2023-08-21,-0.0007857673542085442,0.011952775218148526,0.013925154216075208,-0.010911451236625624,0.010261131963457792
2023-08-22,-0.004278134694454927,-0.001174019764052181,0.014403629810243457,-0.0002381397614932279,-0.005732663692474715
2023-08-23,0.0024642189450490015,0.002991969053202981,-0.008365236639660378,0.0011114208967042405,0.0047603156384075085
2023-08-24,-0.004601020051259508,0.011115404125535022,0.0009988655960262438,-0.016810678936159063,-0.0030897870997469434
2023-08-25,-0.011270840354364986,-0.002458434576468993,-0.016744316215737354,-0.004617245392697478,-0.0019039194178077645
2023-08-28,0.010406643353750855,-0.0031336096115981427,-0.004398333971265211,-0.009966240806545956,-0.0017005906373607216
2023-08-29,0.007954450432072546,0.0014129473664581393,-0.0029452026545010446,-0.009575426232875661,0.00017771954104484067
2023-08-30,-0.007294318060751426,0.012344316816280676,0.006135004063080762,-0.0009503179429315445,0.004383653559602019
2023-08-31,-0.004592348262847601,0.00020892506270731026,-0.00700092826706078,-0.004569872649979989,-0.01007073276708259
2023-09-01,0.002068150238924593,0.005851882119512375,0.0030702531862780713,0.002347282559604702,0.006672821603797674
2023-09-04,0.006255198529264261,0.014717465290048137,-0.008048939788839027,-0.0008081872384706479,0.011630106913864013
2023-09-05,-0.0060900773954590814,0.009419202515588143,0.012800104425422898,0.005351225504199197,0.0031739552854992414
2023-09-06,0.01308015563904874,-0.0009805089979306736,0.009817142893743025,0.002104295142818735,0.00016032792653808414
2023-09-07,0.009620829328551794,-0.0076144255041386,-0.0034640090519213462,0.0013587018437817289,0.007390833524197005
2023-09-08,0.00779092311368168,0.0023190176014771247,-0.007288659948253895,0.0066612164456441025,-0.003863666203294036
2023-09-11,0.005174370515705906,0.0046609961975636605,0.010278903645120518,0.010783439915323711,0.011258423094801406
2023-09-12,0.0031254073243371927,0.016695423864972803,0.008832771193248767,-0.01444666457022481,0.02877333895190426
2023-09-13,0.004276298072440454,-0.0018320120460106892,0.005208904312677953,0.00500225037229729,-0.0036165342882995555
2023-09-14,-0.0006083202556684819,0.005739807378154493,-0.007828047029337482,0.0009179448791560851,-0.002186203689137578
2023-09-15,0.011473671539015351,0.0030856574319764185,-0.0035559138374724464,0.0018547576674545763,0.010744256919352546
2023-09-18,-0.019678034763962016,-0.013098704291835128,0.008252453453493125,-0.008706856102569382,0.002181547093559333
2023-09-20,-0.04011550279080167,-0.001038939315238574,0.001990966994079413,-0.022286652094236636,-2.7627343772040902e-05
2023-09-21,-0.006618881500535356,0.007716822014543379,-0.012032251256476556,-0.0072831847863188415,-0.00575432895132344
2023-09-22,-0.015257309872588776,-0.0037290782661290045,-0.009832300142743056,-0.004165238351185874,0.005118120211073052
2023-09-25,0.0008824966094715947,-0.014704321635671813,-0.0011285383108996516,-0.0061572800938944905,-0.0073537499608218315
2023-09-26,0.00434363495740242,-0.009157799605000294,-0.0003389127251249846,0.0008757834526107455,0.002390298744151087
2023-09-27,-0.007023730925809102,0.004347336632521959,0.015143051431679933,0.011270019009101295,0.001004045527131403
2023-09-28,-0.0020630992304075946,-0.01877980506668342,-0.01870202837252588,-0.01469030729178833,-0.014640798690224055
2023-09-29,0.0017063698906538693,-0.00277889724211533,0.00828128182790322,0.004669959596351303,-0.002304246907893215
2023-10-03,-0.011957026255533743,-0.0010102797473953151,-0.010463428234978811,-0.011450041013992163,-0.004180218985133544
2023-10-04,0.014256824419969893,0.007217680941629556,-0.008300270510428032,-0.001725447674258196,0.006801697907575788
2023-10-05,0.004053485876506668,0.013224021544707254,-0.00011476053856518398,-2.1574819401237733e-05,0.01458547179995029
2023-10-06,-0.001106905243195011,0.01042059201957568,0.013989216668635285,0.0016853167113655143,0.00892910750411513
2023-10-09,-0.011603378890591265,-0.0021979835430567807,-0.0038445551645995835,-0.008520313119544265,0.00468054869006429
2023-10-10,0.00567195542433252,0.013351896871421909,0.008967898061864155,0.004416409321920778,-0.002597342693285154
2023-10-11,0.009673130196639734,-0.0005015720462566708,0.008663344745622359,0.015876854862132417,-0.005235740452618987
2023-10-12,0.006657568565250571,-0.01933884589502466,0.005465826826663189,0.0018548984063984086,-0.01865697909956099
2023-10-13,-0.00909770173630875,-0.023439187342327972,-0.005214181615615265,-4.239754450174882e-05,0.007988608091611615
2023-10-16,-0.0040045390056095975,0.002096375071637402,0.0013382649043502948,-0.002234811744303733,-0.013106127141481183
2023-10-17,0.007583619166151134,0.005787312510571407,0.010023418402129058,0.00477803910903396,-0.004823981409488143
2023-10-18,-0.013917704580834522,-0.0013171330640370238,-0.003969639675513559,-0.013268170571580029,-0.005645903772622862
2023-10-19,-0.0031583710944926846,-0.004789816345547981,-0.002767553195606176,-0.007680782866891889,-0.006497457368886517
2023-10-20,0.005181623374441058,-0.004464204738354183,-0.026865016285623877,-0.003056974870395357,0.011256883313576882
2023-10-23,-0.01099938135119749,-0.013032138604836097,-0.005475723356060946,-0.015614800545062035,-0.02415186984192519
2023-10-25,-0.0063410611563914365,-0.01481326711412001,-0.00734121558423062,-0.0023198318619076508,-0.005879391292111902
2023-10-26,-0.022118380297264317,-0.007736847439793637,0.0038133361019758727,-0.013928481681996563,-0.015737034338040856
2023-10-27,0.003929232676989969,0.015373744128968081,-0.0013813999312168868,0.017651007578809663,0.0042556342721729035
2023-10-30,0.010856698730110192,-0.0023905362193477053,-0.00760797021955828,0.020610731187770126,0.008236457542245557
2023-10-31,-0.0057909239663404,-0.006281508642982714,-0.004762598932355089,-0.010637806825655738,-0.0029006590340736604
2023-11-01,-0.0013546635581912492,-0.010413793541263039,-0.0007001314867290942,0.0041522675846532575,-0.011309861220030526
2023-11-02,0.0015260957006508757,0.011815501917067595,0.0071244187792247615,0.009924298360359796,0.008842123031712168
2023-11-03,0.004740052500989966,0.01379430361719236,0.004870543626778856,-0.00021550362550659674,-0.0027380359980645474
2023-11-06,0.007245241886863152,0.010258699298410834,0.004847255956396124,0.00832004213882076,0.008758954507592787
2023-11-07,-0.004851164305446742,0.0007127313085197873,-0.006087142000691381,-0.006498527100767593,-0.0028992786585265717
2023-11-08,0.0028913607600966618,-0.009471079277402317,0.009822096040654094,0.005206939241156672,0.0032933538138206764
2023-11-09,-0.003955719683781167,-0.011646220873845037,-0.005835936495645178,-0.010852272428152565,-0.010084134371732834
2023-11-10,0.003937663911053324,-0.004327974677420077,0.004949473477559474,0.0018825948855072383,-0.004182342580147824
2023-11-13,-0.001810222827507646,0.0034336883558645503,-0.0012598753063567392,-0.00012951322787979613,-0.000569903257527149
2023-11-15,0.010478219989719983,0.026900980705235833,0.013646695607347104,0.01808085838757778,0.021836471462788554
2023-11-16,0.002625569424953955,0.024388519787871488,-0.0074668892026131806,0.0018035497993185157,0.027480122563315
2023-11-17,-0.002154668892700551,-0.005086863342324444,0.0013677794402591203,-0.002181512827418408,0.0013151042299670568
2023-11-20,6.640861462203773e-05,-0.0006608455377503653,-0.005577661052628691,-0.0026320169281037753,0.004896583224656581
2023-11-21,0.008470660339409575,0.001670580029718538,-0.00125915434367041,0.012577785436250544,-0.0026706483688337945
2023-11-22,-0.003557277605707676,0.013064655438836947,0.007908296761692135,0.003909480847741342,0.00568320001356426
2023-11-23,0.005784909901133117,-0.0058649038928475505,0.0014782554759211752,0.0030566832931728793,-0.00620353249561334
2023-11-24,0.0070991348926308095,-0.008176657675429744,-0.00579087670275058,-0.0006679754440481744,-0.014579957904794494
2023-11-28,-0.0022519082407350677,0.0036871214591533974,-0.005824448167628948,0.00020886901180094952,0.003774776316739059
2023-11-29,0.019952353055018524,0.011714265916936917,0.004480186698168964,0.0026311177982716316,0.012564390808853743
2023-11-30,-0.00022449328744156283,-0.003048845485839724,-0.0032022810760632403,-0.00968464262088975,-0.0074421272692309914
2023-12-01,-0.002181155192438222,-0.0019584687020128833,0.032124812631269206,0.007087475090490347,0.006895771497528624
2023-12-04,0.03471772437599685,0.008296972236769395,0.009448690329725729,0.010817257318952223,0.00022789392944888576
2023-12-05,0.008885206406013646,-0.007101995403049566,-0.005065564043474802,0.007251502138246435,0.00545194451275588
2023-12-06,0.0025252653980945006,0.013996416379498111,0.025456543287853295,0.009578614607861358,0.020529034529663592
2023-12-07,0.0016278309555064485,-0.005697688244365895,-0.01111696444321153,-0.0016456134014709578,0.002996322714955646
2023-12-08,0.013953181060686326,0.017224978142069247,-0.019537250242580684,-0.0005291219258676261,0.0032643965710055234
2023-12-11,-0.001330639536114231,-0.001777194625375289,0.007347192407115122,0.0014659208701182092,0.004466916596750581
2023-12-12,-0.00993342722988999,-0.00836426248126021,0.0014365982821404888,-0.014353336326153543,0.008015517273571637
2023-12-13,-0.0022635293503870946,-0.018325849746584022,0.005627924073096313,0.004083924439230335,-0.02139089359225399
2023-12-14,0.011803238047064513,0.036197362097372565,0.00976619454379235,0.012407878893459401,0.0205088828621538
2023-12-15,0.003878534401302147,0.05125046318488646,-0.004129437848067408,0.012763146193288888,0.05283256755522148
2023-12-18,-0.0005132069209575763,-0.008901448268910928,-0.014295154155073875,0.010177811360086553,-0.0004662969689596119
2023-12-19,-0.0016910666748066738,-0.003867297170375039,0.009852765250413675,0.01471637000434134,-0.011142095801259355
2023-12-20,0.002480426391761048,-0.014053783572714806,-0.011181737206676146,-0.012098842466514048,-0.009472947663772602
2023-12-21,0.0179239887974314,-0.0002604283802122298,0.0009978778500201457,0.014007963870131368,0.0019709927172166797
2023-12-22,-0.009397072368743875,0.017513010671988294,0.008306566809182847,0.0009755171493399661,0.0096369791065265
2023-12-26,0.0069425919840711,-0.01212492920453312,0.002745969359498446,0.005068148217326707,-0.007439834310896121
2023-12-27,0.012392719262525276,0.014994034230617403,0.0014240089886965457,0.0034134348904943934,0.0041231542059672055
2023-12-28,0.0011447609405916825,-0.002839618204930394,0.015314041547527468,0.007228826314022996,-0.0029648468218247404
2023-12-29,0.002345738600615821,-0.012638810145531587,-0.004309445416003199,-0.007906137122776657,-0.0017107234235836932
2024-01-01,-0.006523363346327082,0.005476713212398288,0.012875912902981401,0.0020503959738025213,0.004666078217921976
2024-01-02,0.0005889038810493741,-0.010925941557926033,0.004913972392042609,0.008280987474499568,-0.0073207032158499885
2024-01-03,-0.015419846381679148,-0.02893644320259081,0.014669977206313467,-0.010874167335911844,-0.024172786022991666
2024-01-04,0.01072981160420916,0.015234898435315669,-0.0017809733478404421,0.005167727650784659,-0.006758209304121521
2024-01-05,-0.005115778855710351,0.01312223384483091,-0.0051427106379432486,0.004255552919257832,0.01939016160665985
2024-01-08,-0.011146128571051572,-0.006361922475205617,-0.017828944370509636,-0.007803699145799592,-0.015944751436981708
2024-01-09,-0.007784989214509319,0.0042685222601226425,-0.0020408043392222686,-0.002647642701601227,0.003153665852131615
2024-01-10,0.0033019891184882244,-0.006146615156473412,-0.0026907758674448168,0.02697160551048494,0.006273893706794098
2024-01-11,-0.004196962325640263,-0.01690909612053726,-0.0014029546463908416,0.026300923271046495,0.006059674939177473
2024-01-12,-0.004730283779000755,0.07934012435709392,0.008753779291260644,0.007960064576844506,0.03941858231232298
2024-01-15,0.019254363362608773,0.024399356002934747,0.0019285435495242087,0.017071220427544942,0.005408401882114999
2024-01-16,0.0037960300695600857,-0.012438727524334947,0.01005131354108757,-0.013987237803242403,-0.010886708576667403
2024-01-17,-0.08435821841699642,0.005301677648716918,-0.012068602901788017,-0.009493484322555479,0.006034278284311911
2024-01-18,-0.03339840232408209,0.001463367050115405,-0.002357473614906347,0.004682050055125231,0.0046335463585478465
2024-01-19,-0.01042956537148687,0.010105858570550241,0.012889231864831263,-0.00036551886013491686,0.01740390966034422
2024-01-23,-0.029442839946529076,-0.010275991244386606,-0.025874784573155174,-0.028428808417957585,-0.021506374354586244
2024-01-24,0.02000221939365221,0.02024781215538285,0.009362069733362066,0.011516122729174016,-0.004263480962396926
2024-01-25,-0.01442406338039448,-0.0037603225070509394,-0.017148347159944288,0.00684581273665974,-0.008199392004742845
2024-01-29,0.013764049387455124,-0.007489062138055447,-0.012838886122716997,0.07019207209119882,-0.0024405497306586588
2024-01-30,-0.0071150749945577685,-0.003108846166549495,-0.02612269131510736,-0.02791689228070482,-0.00011842817352103463
2024-01-31,0.012635796915178243,0.0057223633896246184,0.007990050322794762,0.013497874423745282,0.00405188962519909
2024-02-01,0.002598144701739802,-0.0023180452728434053,0.003057389166017499,1.758461973300207e-05,0.01001057114321302
2024-02-02,-0.013775705864664367,0.021906323020457252,-0.006322059055897666,0.021764290764849425,0.029098668872034494
2024-02-05,-0.0008990238475896639,-0.003631795978700225,-0.004658013493690216,-0.01281131092421095,0.001764855799592624
2024-02-06,-0.0005189640612830448,0.025041472713002833,-0.015180905987291382,-0.007800369205568813,0.040948305631320014
2024-02-07,-0.009798567961059712,-0.02064244669168469,0.0009272040893575362,0.01005038239615974,-0.012717539546816203
2024-02-08,-0.01881177690061908,-0.0009741803175157271,-0.02529755141728729,0.005529920201540195,0.012416175404680097
2024-02-09,0.0003919474945885959,-0.01344478292279172,0.002291637353384557,0.007326911261691604,-9.682298696422897e-05
2024-02-12,-0.009689238166751046,0.006439638303447959,-0.020818387143990758,-0.005750451759874653,-0.0031447857655788614
2024-02-13,0.0032012876607150353,0.0026487085635737984,-0.0002456757465583159,0.0087788239322526,0.0069889299360830215
2024-02-14,-0.007457946189577291,-0.010893192024374332,0.011800865239217861,0.011108520303732217,-0.011904964025158393
2024-02-15,0.021675444882809147,0.006091679689843588,-0.018588255759051764,-0.0072736244199861355,0.0007561019402262392
2024-02-16,0.004137046230407337,0.01509232281622297,0.0017331345807614085,-0.006816993632388413,0.006116975492806986
2024-02-19,-0.0019719869568169957,-0.0011165615937556161,0.011492841808660392,0.009191620663659084,-0.005934506821071661
2024-02-20,0.026250743821371048,-0.00853064090756328,-0.007696983373279731,-0.0020183055777382997,-0.01782499917057445
2024-02-21,-0.010417386179811361,-0.017623380938814437,-0.006771749043352315,-0.0022603054647595267,-0.009713007606001245
2024-02-22,-0.01361900780779779,0.015583769929348179,0.0275194806116823,0.009572803224650261,0.023950759843377467
2024-02-23,0.0007395338207076829,-0.002676351688312484,-0.007359158659999476,0.008014149187248298,-0.00856353075755989
2024-02-26,0.0011967162867825287,-0.0099592150188198,-0.0053475749716187515,-0.004217973849401924,-0.01259823456323772
2024-02-27,-0.0015115657751105793,0.002078155159911166,0.00476532999160395,-0.001126117932493731,0.025830674430386225
2024-02-28,-0.007569711862609241,0.0045984826768559195,-0.00693176423063413,-0.020210035106284052,0.0035450510909338373
2024-02-29,-0.004257205924317886,0.0015856778049172515,-0.0048984028925525,0.0035552472908801924,-0.005790389068790924
2024-03-01,0.01948847206557902,-0.011470237281466344,0.007875957445933723,0.021443640697963895,-0.00018311902865730811
2024-03-04,0.0013628316675868835,-0.010575992437615311,-0.0009766765608031358,0.010237124249434348,-0.003333995397856726
2024-03-05,0.005688652290626095,-0.018751514594753882,-0.00721098980345114,-0.004776431842498208,-0.016810704473939952
2024-03-06,0.0012145387794642026,0.006878330108514907,0.0041855318888912585,0.0018663295556990978,0.013010640956502284
2024-03-07,0.0024262178620020336,-0.0006800481612608822,0.01397586913282467,-0.016017850921698162,0.010899790381655006
2024-03-11,-0.012654758937604482,-0.009805485685006388,-0.010035060681060193,-0.008333789276905645,0.0033466434407689594
2024-03-12,0.02223700570817444,0.007715844744090594,-0.012090780485314978,0.006017298002358951,0.01695628338177091
2024-03-13,0.00058239016429118,-0.0009608437483018539,0.044504684410831,-0.029313595401854298,-0.010316684507010176
2024-03-14,-0.0033895164149082557,0.026002170072709996,-0.006627885310542592,-0.0004888298556977588,0.014123804059390066
2024-03-15,-0.001923734267552768,-0.011673698883111205,-0.0013107332112419767,-0.009256142741806528,0.0027687892880614573
2024-03-18,-0.0045434661687973055,-0.019185858886745843,-0.003936953752750716,0.014983603202708196,-0.015820108374537067
2024-03-19,0.0022821017364318408,-0.025707587048274916,-0.018924460340884797,-0.009882156674163367,-0.04219157793858119
2024-03-20,-0.012626295620638439,-0.004162699255254587,0.015016607800205639,0.012980219098305268,-0.0016091805021404282
2024-03-21,0.010272025429515663,-0.00016084682979156106,0.013350952875651911,0.0050042992920542595,0.0005162381792320758
2024-03-22,-0.002005776093869205,-0.029491161049757353,0.01744799114465989,0.0027912400118077496,-0.015617960096231509
2024-03-26,-0.012094132654236422,-0.010736753948944688,-0.0022164353140678994,-0.009243837322053361,-0.008540288859754774
2024-03-27,0.010733737001404009,-0.005895532221818489,0.0008183617873354088,0.03556867587086776,-0.009439016511491038
2024-03-28,0.0049976766935893036,0.009569740884760591,0.000817851920056345,-0.004688961130108638,0.009216524330041498
2024-04-01,0.015608793530833331,-0.0017356005222813886,-0.003852095819630086,-0.0007235165386677567,0.01043514983221061
2024-04-02,0.0065624157822739,-0.00842544390769695,-0.0019919777615612366,0.001464811073660366,-0.00841253856010693
2024-04-03,0.0014525726227001545,-0.0014838202819957846,-0.0015264446448074453,-0.010323035879955644,0.016349917322031393
2024-04-04,0.030560544422119973,0.004086087887405387,-0.005761941776062041,-0.005894987923230066,0.014187007940071883
2024-04-05,0.014369010022028839,-0.005111985144056308,0.011354313313342024,-0.0019311156675492214,-0.006007560349956642
2024-04-08,-0.0019038687123732467,-0.001622490493541684,0.003625203432310098,0.01772141919922743,-0.0016837852271700537
2024-04-09,0.0012609903854652327,0.012290875387711786,-0.00640870058544829,-0.015023746924568426,-0.006544913227443883
2024-04-10,-0.007878411272634445,0.007994104731567031,0.02486215101979461,0.010880323249758295,0.00965402622937317
2024-04-12,-0.011325694929056329,-0.01463367790419956,-0.015676920480688028,-0.008397617379594657,0.0042035267403275345
2024-04-15,-0.01596488806207985,-0.011180255809185136,-0.00976503672985407,-0.001584833608396563,-0.015044597221758771
2024-04-16,0.009734424396571795,-0.03657673161022845,0.0,0.0006314809277145894,-0.017355242594798592
2024-04-18,-0.009640578910032893,0.003393481929708786,-0.01655327200950274,-0.0009721286757068404,-0.0027886283103208953
2024-04-19,0.024486582947708113,-0.005636766616703981,0.01408618414648477,0.003960910062861478,-0.009269815667462877
2024-04-22,-0.012473167277226915,0.015234736323355369,0.0012949150066554616,0.006615009792733995,0.010036095103055587
2024-04-23,-0.003041863502356801,0.006735479340361117,0.009170031290581582,-0.013869611113239366,0.002613544865762485
2024-04-24,0.0027194858498060803,-0.008076968056451528,-0.0006989651582548495,-0.006270014606944763,-0.011265489793097161
2024-04-25,-0.0006283348661474397,0.00538176044745442,0.020167883279558874,0.006757739970109977,0.0055207435099908775
2024-04-26,-0.0006288129306849521,-0.005700609649032629,0.005599308389932611,-0.00508564388380528,-0.00800834445422638
2024-04-29,0.013048083247909181,0.003146493955946683,-0.004090852566990599,0.008588313530505154,0.012783445929150261
2024-04-30,-0.006145858426906181,-0.00989732522528819,-0.005819335469885112,0.0013481560832511175,-0.012803103108235181
2024-05-02,0.007992945833216192,-0.00429409988649343,0.0076896573607685426,-0.00030680580785069633,0.011163118338792133
2024-05-03,-0.008255888510229181,0.0013079847016481683,-0.005808731205898421,-0.022194904957440698,-0.005151192179197905
2024-05-06,0.002007167405733812,0.006778281303525979,-0.0038950350273522227,-0.010094142707927745,0.020203632503100977
2024-05-07,-0.01083639716253415,0.010554709905741921,0.012880971943351804,-0.012715588039204029,0.014766360184036209
2024-05-08,-0.015602721371197004,-0.009473043455570207,0.0014761040607300657,0.012183618665748464,-0.0005026603864622947
2024-05-09,-0.023707538594818223,0.008582740081626072,-0.03605438948041695,-0.017218327297845226,-0.004211732022379788
2024-05-10,0.006932843858268756,-0.010176769926190321,0.019407171197677098,0.009540112993453143,-0.01674155210203354
2024-05-13,0.012066151783387324,-0.001017675839125376,-0.0034613576782156485,-0.0033572108910882026,0.013842242910099278
2024-05-14,0.003916797365439262,0.0008780748445857967,-0.004978695943052336,0.012386803517364653,-0.011804131225365833
2024-05-15,-0.01536674427468987,-0.0033340301412342344,-0.004421523199351074,-0.002675838065554381,-0.005331718734961632
2024-05-16,0.015119941646313917,0.023522019860535037,0.008531932570742473,0.006407549125266865,0.012602582938938012
2024-05-17,0.0026365712830374033,-0.006227043908956342,0.011241193039750907,0.007261438264315689,-0.01713683304046143
2024-05-21,-0.003619924643914252,-0.007027506310724352,-0.0034380320526695707,0.0002960210860205592,-0.003625341810182592
2024-05-22,0.0002741896225206819,0.014398763087432043,0.01172968288599563,0.017077143077331547,0.0030887962581440664
2024-05-23,0.022889193573563116,0.012097745570438745,0.003296131956252335,0.01738959929387196,0.01603600285362794
2024-05-24,0.016481262991837164,-0.004957865801768491,-0.011668839463741643,-0.003903004241625929,-0.011288249991909471
2024-05-27,0.00692073914831437,0.004265918476035857,-0.010774908060536825,-0.009457830264325784,-0.0006363302302793139
2024-05-28,0.0018328457919254415,-0.002922365689525197,-0.005793557925743209,-0.006854243269317606,-0.0018585919002708229
2024-05-29,-0.014505066551512291,-0.010974441960488135,0.004545391334751736,-0.010592620254145868,-0.009440426388578338
2024-05-30,0.004342556429610012,-0.016196272945807277,-0.016475343860932856,-0.011053153891567913,-0.017759157244084833
2024-05-31,0.011024206096186262,0.005323534931105378,0.006134268642810303,0.003895184900022164,-0.017438134999917643
2024-06-03,0.026541770426659284,-0.0007107863798259118,0.009145303217459766,0.055875967019565875,0.008689917370964695
2024-06-04,-0.05664041458980795,-0.008713349070302412,-0.01742030552828333,-0.07485140469382034,0.003281412999755151
2024-06-05,0.04628666314534535,0.02615428887013027,0.03636810271379942,0.016800530945147996,0.008465523103694306
2024-06-06,0.005090807040371015,0.029473531703158917,0.011852070588423746,0.007636796949228142,0.022407786872350677
2024-06-07,0.008751724683893292,0.041670926102698846,0.008612837979701693,0.026788121774310447,0.016590907878562877
2024-06-10,-0.007658810403847194,-0.022072288845055077,-0.0051235742727330225,0.0009865011142895508,-0.009052408956061075
2024-06-11,0.0022417525258939808,-0.0026671257092762968,-0.008926506222466712,-0.010007397316991185,-0.0017103498091012304
2024-06-12,0.00597515109447988,-0.007053284010088867,-0.001616697572263348,0.0045650597628161815,-0.005308897047192951
2024-06-13,0.0041928080220983155,0.005891473000910308,-0.004626272850289492,0.001315603264813836,0.01213586491555585
2024-06-14,0.010216563598352879,-0.0033802890722336443,0.0019752673071400384,0.008394530689067148,-0.011887140254664641
2024-06-18,0.006825808207053807,0.006246161887109025,-0.005566458890399084,0.0023518619517457484,-0.004423188953464163
2024-06-19,0.031129460112890417,0.008777243022074499,-0.01189499637862279,-0.015107836072132064,-0.0035123879410989822
2024-06-20,0.006936652144256872,0.0026797085147294286,-0.0008262285735235464,0.0103176933649618,-0.0038008707805224917
2024-06-21,-0.0021565366338862635,0.011416181419470428,-0.008740814276813613,-0.013231972490982069,0.0062049863718416365
2024-06-24,0.0039922509436949305,-0.003621092803378745,0.008817889813991009,-0.008750573559260566,0.0015876512955175226
2024-06-25,0.023289886713483643,0.00969125748375399,0.0,0.008793185758779076,0.005672264625245393
2024-06-26,-0.0057556866277864716,-0.0008106868208983542,0.0015356029532858084,0.0411752309284259,0.004533195823549718
2024-06-27,-0.0031443069887190367,0.021191653463960236,0.0038919830029624514,0.010914679353931867,0.02030667872418812
2024-06-28,-0.007281202321097524,-0.004194877518253537,-0.0016447286925169724,0.022769536628484355,-0.0076255401227272035
2024-07-01,0.01270936588221061,0.015350302684138839,0.00976701179731898,-0.0033537739776928754,0.018966945595100038
2024-07-02,0.01489555963571143,0.019015712331906354,-0.00827415310760371,0.0032208157613302646,0.009853683892862009
2024-07-03,0.021986704460015938,0.003917121137876789,0.006580461219152234,-0.008146005840799275,-0.012980966665288696
2024-07-04,-0.023464226522535103,0.014286610302977731,0.0017512009759270697,0.001030653444264562,0.014046973958232956
2024-07-05,-0.045769107202913495,-0.0019386868247998068,0.010721408160918156,0.022264705796238182,-0.0022755496557652632
2024-07-08,-0.007736180590102726,0.008619397258684325,0.0229446449797297,0.007726807675346281,-0.0046363742084519766
2024-07-09,0.0007032014693770794,-0.0027081279026447413,0.020288556746912656,-0.006636852552564965,-0.0019283295123172506
2024-07-10,-0.006354984152985965,-0.005370672351937333,-0.002540830792132742,-0.003804414522040611,-0.019156824709588682
2024-07-11,-0.0025829025515787807,0.002699836111125453,0.0159485417348042,-0.002256606012083995,0.003722129262992313
2024-07-12,0.0004932336746024113,0.03572942382012356,0.0008721413105385878,0.010169875248472238,0.06632773540395198
2024-07-15,-0.0003697047645558893,-0.0027457502135892486,0.009476108036119424,0.00031314816413607893,-0.003525432286192842
2024-07-16,-0.0014487047615358017,0.011130298027669294,0.004639545812959556,-0.01313216821093699,0.002218573259475498
2024-07-18,-0.0030560582363557964,0.018539466263566506,0.010095598654044746,0.006613864970271832,0.032811224213438406
2024-07-19,-0.004644492522152488,0.019851480477393935,0.009144068623651025,-0.019868638319029297,-0.000731745188297328
2024-07-22,0.021931127042678522,0.009983508756183257,-0.01685797420890911,-0.03502873474372403,-0.003497879604494103
2024-07-23,-0.014702725470337574,0.01438563390858505,0.05497794254335142,-0.008512924756103102,0.0034986975664743625
2024-07-24,-0.008866751124292471,-0.0016060685850590728,0.003758655268105482,0.005242276345356123,0.0009062650744247058
2024-07-25,0.007823909812235685,-0.004961945869605855,-0.008298743660253627,-0.0022062441131743826,0.003773686820226274
2024-07-26,0.000958782823369031,0.02961893957077355,0.025002565420266354,0.011139742374659978,0.015118595136188517
2024-07-29,-0.008095590711742706,-0.004151414493532735,-0.01224606643764492,0.007339108470147293,-0.00153824913107925
2024-07-30,0.006541787800893095,0.003233385851934445,-0.012397959324830565,-0.004571978958622713,-0.003595095789682645
2024-07-31,0.00012375479396675715,-0.004741235442062064,0.01112467403710915,-0.00510530447303148,0.004581657349648216
2024-08-01,0.014265875714105425,-0.008376831262417506,-0.00333092314657768,0.006559719728269409,0.0026793162719565
2024-08-02,0.012417556268290442,-0.016949121142831647,-0.009317440196655924,-0.0105425706596185,-0.025937656095724515
2024-08-05,-0.026157961302971322,-0.038051823151921904,-0.0063381898678342985,-0.03468225254936952,-0.029885061960050474
2024-08-06,-0.009005110073006306,-0.00045667855380482347,0.0006172612472479244,0.0060283569834118644,0.003886729140649914
2024-08-07,0.013927037452677649,0.023156936689617824,0.013057808074044441,0.0060265232562009,0.007012295733945573
2024-08-08,0.011826323314208409,-0.027069986984593952,0.004262708169428642,-0.010717965775110527,-0.006642040660473358
2024-08-09,0.004565609587207753,0.015833328958015036,0.002324433424427008,0.017372604731512142,0.013469050009780492
2024-08-12,0.005999334540197632,0.015050161822171226,-0.0026215121542529918,-0.009275626479931298,-0.0078275915091639
2024-08-13,-0.03427510138121703,2.772263503647565e-05,-0.009300485689699323,0.0020539625708344555,0.0003101446000144392
2024-08-14,0.002869367384826571,0.01435377429676632,0.004489744558038522,-0.001212829017154804,0.02342145396963824
2024-08-16,0.01511384109455638,0.01958032216977923,0.021231288077994126,0.011184530964905015,0.028124112217043473
2024-08-19,-0.0003370262700076454,0.0031470267254183337,-0.002387392330936544,0.01031767040923448,0.01674581428619959
2024-08-20,0.003769430283625086,0.003968220697282199,-0.0052847248302363425,0.005072514903698089,0.007416498904486701
2024-08-21,-0.007266236980828067,0.00026696508094015137,0.01323187417851468,0.0018216343472330365,0.0062344106511111885
2024-08-22,0.0033829419518209836,0.004031712308543378,-0.0016818845849919661,-0.0003670172821144124,-0.010875551925561
2024-08-23,-0.00383136357651781,-0.009652952738086085,0.002477386106217283,0.001234884122548019,-0.008462793720419026
2024-08-26,0.009168955358966002,0.007545261259731095,-0.00019774346121337327,0.008416841559635069,0.008635725204783729
2024-08-27,-0.001341501236599818,0.01276539265005483,-0.01008499156610898,-0.008032538192779826,-0.0011770571944849095
2024-08-28,-0.0003969022287185764,0.020525280798340706,-0.0065920479514066654,-0.001432843330646083,0.0019791448253290156
2024-08-29,0.0008857139553528626,-0.0029652928645423904,0.015684726371625102,0.01510038896552457,0.0012761079554155508
2024-08-30,-0.001006947834348626,0.005353401559622162,-0.006335433149347591,-0.007429660332829102,0.009297656499352103
2024-09-02,-0.0060786898781292065,0.010701258681165893,0.016238320226848346,0.004388498360848425,-0.007180899908172611
2024-09-03,0.006392439610525269,-0.011835023246743126,-0.0012742942488949138,-0.004699108263862328,-0.0019242864277918548
2024-09-04,0.0027177896439278815,-0.009684559681901184,-0.0059875002275260325,0.003594813625582116,-0.007335514472947113
2024-09-05,0.002223092673748761,0.005565851300120217,0.009578354984250304,-0.01424521020586289,-0.0007366849991889968
2024-09-06,-0.005165735032823582,-0.01619120556806619,-0.018583717319688997,-0.018855016312041895,-0.004289539477087767
2024-09-09,0.0058340796837741404,-0.003785714433710452,0.020031954890855186,-0.00162130368612734,-0.0016155657265500833
2024-09-10,0.002338250411906495,0.009315650475286041,0.0036149349284240184,-0.0006324620380312451,0.01310261786870126
2024-09-11,-0.003908208782745892,-0.001124303317811548,0.0014602918706727586,-0.006859264657110176,-0.00632233434614371
2024-09-12,0.013808600832107443,0.021097860134933866,0.010012616236170446,0.01949704083806436,0.008561363498191144
2024-09-13,-0.0003900315826106393,-0.0032557773967701875,-0.010875807607163224,-0.004848646273265755,0.0010846889245219593
2024-09-16,0.003001236497852,0.0031634969472971175,-0.005351711490415245,-0.0008657800417685158,-0.002067286255406864
2024-09-17,-0.001286626408101399,0.001179401003771563,-0.006554532723314743,0.000645712066227766,-0.0016840544331421237
2024-09-18,0.015580028774170751,-0.03093395459261461,-0.0007878042366463722,-0.006011103043068844,-0.03539985832910475
2024-09-19,0.008083577950127374,0.001083338752490448,0.0017739900518534135,0.00425370267595615,-0.011504622101805584
2024-09-20,0.019139539375109926,0.006097604349603047,0.01210029372982735,0.011056912440321032,-0.0026186332858548766
2024-09-23,0.010682425828191677,-0.004879988292777249,0.004957179506134057,0.005013660610634352,-0.003827316365055844
2024-09-24,0.004687986523075782,0.0011336999861455421,-0.003288419976524848,-0.002678525558589717,0.0006558681895969531
2024-09-25,0.006249729281961658,-0.0017379916786091076,0.004463839657003366,0.003071732849347697,0.0008078558613329179
2024-09-26,0.0024451300875132365,0.002611559862929047,0.010047270276848153,0.0026774947777858937,0.004152303080158237
2024-09-27,-0.017269928012657254,0.0034207215978663275,-9.56658442008429e-05,0.018842467075386393,0.003774023278318772
2024-09-30,-0.011753590794554736,-0.016336715971830507,-0.008704759703023313,-0.03249956174131363,-0.00933001131601574
2024-10-01,-0.0033775675513509906,0.015328425797271228,-0.003763379766331343,-0.007957679890677194,0.004544973075239378
2024-10-03,-0.02560535132398034,-0.005750047675654124,-0.006683404683246685,-0.03949269208533057,-0.012861755148679044
2024-10-04,-0.014476750506686953,0.013071776950805303,-0.01794248065493176,-0.014534730523430572,0.004606884480451434
2024-10-07,-0.02404009922405448,0.00841961284969761,0.013206170386746319,-0.011395420352580121,0.004844449478816459
2024-10-08,0.020552656239938738,0.00736693041236558,-0.0044100699812720245,0.0194239966524532,-0.004587015115240511
2024-10-09,-0.010841648920968061,0.0021554344791234747,-0.03199130501082803,-0.01628076313106086,-7.060254881963157e-05
2024-10-10,0.017910150165874494,-0.017283330689398024,0.0007118126729068752,-0.0025825772062730845,-0.006007724058629149
2024-10-11,-0.00685753317244131,0.008389785549694384,-0.007824369916312524,0.0007658021900851519,-0.018498218918774012
2024-10-14,0.02247123989283173,0.012299133390425432,0.017922962820347665,0.0003097665148292794,-0.003024614462279196
2024-10-15,-0.002369529134962467,0.00020421031443129678,0.0032196336559524585,-0.02076462740368623,-0.004798757952177768
2024-10-16,0.009322552378198568,-0.020007162445430104,-0.010731106121446565,0.007477531023245998,-0.005307483148753733
2024-10-17,-0.01567837431578245,0.024998700791011297,-0.008718568596457033,0.0017355366215876522,0.0034310889463218253
2024-10-18,0.005199781183269581,-0.04496724431034149,-0.004499914758781198,0.002119514103785969,0.005867288121201408
2024-10-21,0.027856182662219453,-0.014284899849074217,-0.006266692875033564,0.007283144152932186,-0.010477661579226472
2024-10-22,-0.008185280922534233,-0.0006207674711258271,-0.0038251009480461118,-0.018879655477459623,-0.01577258017753813
2024-10-23,0.012393969464591148,0.011773624034065122,-0.003009552714103414,-0.0035917520257832125,0.012638504098920755
2024-10-24,0.007978955998030335,-0.005364650923825431,-0.01800764491992879,0.0009526096826493191,-0.004512831258067895
2024-10-25,-0.0035721316455352703,-0.0006975969674110072,0.02247191090970113,-0.008919334931152934,0.002384026436769604
2024-10-28,-0.005277097282829213,0.0017722430462618899,0.003835738208698425,0.004895114899429842,0.008206887640379357
2024-10-29,0.010177642346343108,-0.002738058999651738,0.007848818276588121,0.004234301118042572,-0.0038133974295447848
2024-10-30,-0.009846778454829508,-0.020225086711498363,0.007377808224045879,0.0029104745988790537,0.00230654681460285
2024-10-31,0.000634221876375296,-0.024887599552141815,-0.005594501026471188,-0.008817617250717169,-0.028447880296259442
2024-11-01,0.0009217902461020611,0.002048547177951443,0.003068695261118526,0.004954757886030059,0.0039687247930790814
2024-11-04,-0.013354076589674246,0.0015901919864715897,-0.011625517479717073,-0.02726622615482377,-0.005032416075358093
2024-11-05,0.025523590157632503,-0.005358261303711531,-0.00907961857133488,0.002419062081197243,0.0018163739223213682
2024-11-06,-0.0014790698420791282,0.039619277216508264,0.001874219757651563,0.015360433017062691,0.04237841419053057
2024-11-07,-0.004956496468410787,-0.011323108018172157,-0.006651549929414302,-0.014863959263467397,0.002717693195413151
2024-11-08,0.004523082938771239,0.014919115225297652,0.00031393171810023546,-0.01677333590404584,-0.0009394947304633972
2024-11-11,0.006754357238096809,0.01647583062014535,-0.002301023311882644,-0.008607642550177097,0.012466832461921262
2024-11-12,-0.027232061742630598,0.0046771798595994785,-0.008596206928254801,0.0012179710824313794,-0.0003097859577111395
2024-11-13,-0.02144692158728967,-0.0002139998975060342,-0.0013747576653356797,-0.017422017670066903,-0.011209229699548628
2024-11-14,0.006780317535256319,-0.002060610316814593,-0.01323590354828419,0.012419645590951989,-0.0010721634874686359
2024-11-18,0.0072957538290263635,-0.028478732993914346,0.001287788188943484,-0.005403915411881233,-0.03048796055576397
2024-11-19,0.021787651895904814,0.007342193523158791,0.001714603408816462,-0.01514973443612555,0.0049881555305129055
2024-11-21,-0.0006027482707913201,0.005096606227521727,-0.021825099387149827,-0.015020332373453904,0.008243457917807673
2024-11-22,0.0025269872633133517,0.037185432117766926,0.03828060970790492,0.03466883977199631,0.042169506089891895
2024-11-25,0.02291477074597914,-0.006597419333014054,0.00452965144533124,0.017069672210535236,0.016609521371349523
2024-11-26,-2.7922993511175775e-05,0.018230372496800484,0.0004194710676939106,0.0067599179252813,0.00871341950707083
2024-11-27,0.014981346850194921,0.00018191247821630618,-0.00010484134010535495,-0.0019295034595612215,-0.00462919204947676
2024-11-28,-0.010566711904950399,-0.03525593238658087,-0.004298103464127401,-0.017321295773564005,-0.020230691076724483
2024-11-29,0.0016173373374064326,0.0006463363599944483,0.003895578094541552,0.016839745390603067,0.006113301583914765
2024-12-02,0.0048160723939409955,0.011814808806523525,0.0009439263911539264,0.013117256434050262,0.0013580028433450853
2024-12-03,0.011968727349159547,0.0065431593850751035,-0.009744473936734277,0.010808475462453115,0.0061030300868922804
2024-12-04,0.01850737844170225,-0.0015062552837005194,-0.01153312542563456,-0.010844142312697147,0.01200386554172761
2024-12-05,0.0030375035376459802,0.024136573230342462,0.0008563639703098591,0.010008087816572253,0.02518136286007633
2024-12-06,-0.005306231280730711,-0.0064345542409252054,0.007807438149138646,-0.007942226821521237,-0.00415524598930106
2024-12-09,0.007624615484305375,0.0006501854090810166,-0.013159257703083349,-0.01250425525373744,0.0014957213829511762
2024-12-10,-0.001016094559382008,0.012944166383218825,0.001075368911579444,-0.00795284633887361,-0.004402227863661623
2024-12-11,-0.0026765342702549377,0.013137960615852817,-0.00042962796117151925,-0.005175693128900094,-0.0011505954251921358
2024-12-12,-0.002066410548986708,0.0065091030099406755,-0.00999469029604838,-0.0119698620049552,0.006211139160302581
2024-12-13,0.006723119648891718,0.0063915482388325895,0.02040818847858117,0.007878676953671393,0.0042538578384681
2024-12-16,-0.0034994000546900716,-0.009826420951567494,0.00021273439331137567,-0.003574623896608675,-0.013120682023254227
2024-12-17,-0.017129482565494847,-0.0017423780165592984,-0.0011698971159864735,-0.018134560064890004,-0.01963669263603207
2024-12-18,-0.01230056444680272,0.001290084155911142,0.0020232342948229842,0.006383971681293232,0.0044702215017431435
2024-12-19,-0.009499141398529698,-0.016648578760501076,-0.008395323223572504,-0.018192738883663018,-0.017468331659346137
2024-12-20,-0.012266490365472671,-0.012357441090417698,-0.00407248801955129,-0.02043955684943488,-0.023783256288282817
2024-12-23,0.016652554470470093,0.0011185690371955381,0.02066074472909496,0.014104370921263154,-0.002877579374903405
2024-12-24,-0.0016102191210085604,-0.007924952618270753,0.008856044805352958,0.0003680846263756088,0.005098275473022884
2024-12-26,-0.004087635638419518,-0.0008642859696327276,-0.0031351484619988046,-0.0050705022120551835,-0.0024883003411572124
2024-12-27,0.004188217402619765,0.004901922993163943,0.0034594953472655288,0.0036990497900886155,-0.0010193774262273747
2024-12-30,-0.011316565940579282,-0.005608470493319584,-0.003343077652715909,-0.008476419522493672,-0.0014527852311686518
