Date,TCS,Infosys,Reliance,HDFC Bank,ITC
2020-01-01,605.5293579101562,633.1510620117188,173.3952178955078,675.32421875,1841.1497802734375
2020-01-02,609.3890991210938,631.3037109375,174.66964721679688,686.8212280273438,1832.698486328125
2020-01-03,600.6988525390625,641.0134887695312,173.68650817871094,687.6488037109375,1869.22216796875
2020-01-06,587.6987915039062,634.86962890625,171.21047973632812,671.70068359375,1869.0521240234375
2020-01-07,597.0048217773438,625.4606323242188,171.39254760742188,682.0345458984375,1873.639404296875
2020-01-08,595.4419555664062,617.1258544921875,170.55506896972656,676.912353515625,1915.5994873046875
2020-01-09,602.1195678710938,625.1599731445312,171.72024536132812,692.5025634765625,1880.8592529296875
2020-01-10,607.4711303710938,634.2681274414062,173.32237243652344,692.3460083007812,1880.17919921875
2020-01-13,609.033935546875,664.6862182617188,174.23268127441406,690.5790405273438,1860.4735107421875
2020-01-14,610.6914672851562,666.49072265625,177.14564514160156,684.181884765625,1874.531005859375
2020-01-15,608.2051391601562,659.5305786132812,176.52667236328125,681.698974609375,1891.5191650390625
2020-01-16,609.8153686523438,659.0580444335938,175.32505798339844,687.9842529296875,1901.626708984375
2020-01-17,605.3162841796875,659.7883911132812,174.74244689941406,707.2653198242188,1884.8936767578125
2020-01-20,594.3053588867188,660.303955078125,176.16253662109375,685.5015869140625,1843.48583984375
2020-01-21,589.30908203125,655.1913452148438,173.65011596679688,686.1949462890625,1844.080078125
2020-01-22,587.6514282226562,661.8077392578125,173.35879516601562,685.9488525390625,1874.531005859375
2020-01-23,589.5457763671875,673.96630859375,173.2495574951172,683.0411376953125,1865.2086181640625
2020-01-24,589.40380859375,672.591552734375,173.43161010742188,680.6700439453125,1858.78125
2020-01-27,574.5567626953125,668.5958862304688,170.84634399414062,673.9598388671875,1846.735107421875
2020-01-28,579.2926025390625,668.5100708007812,168.04258728027344,658.391845703125,1859.0791015625
2020-01-29,585.2835083007812,678.5634155273438,172.33924865722656,662.0155029296875,1834.263671875
2020-01-30,580.642333984375,670.8300170898438,170.44581604003906,645.8660278320312,1820.003173828125
2020-01-31,580.7608032226562,666.74853515625,171.24688720703125,631.506103515625,1769.9459228515625
2020-02-03,564.8955688476562,659.4017333984375,151.18373107910156,619.8077392578125,1789.9090576171875
2020-02-04,582.4182739257812,676.9737548828125,157.04612731933594,638.1044921875,1794.378173828125
2020-02-05,589.4510498046875,674.13818359375,157.6287078857422,647.9909057617188,1827.4105224609375
2020-02-06,587.1541748046875,662.7958374023438,155.5167999267578,652.1513061523438,1811.9161376953125
2020-02-07,588.2907104492188,667.908447265625,155.4075469970703,641.3477783203125,1818.896484375
2020-02-10,587.3909912109375,664.385498046875,153.33204650878906,642.2201538085938,1840.520263671875
2020-02-11,587.5330200195312,664.6862182617188,154.82493591308594,649.8922729492188,1833.24169921875
2020-02-12,591.51123046875,671.1307373046875,155.1526641845703,657.7432861328125,1848.0128173828125
2020-02-13,587.9119873046875,680.7545166015625,154.31517028808594,659.4655151367188,1866.060546875
2020-02-14,577.4692993164062,675.7708129882812,151.25657653808594,665.4824829101562,1859.4627685546875
2020-02-17,576.427490234375,678.3485717773438,149.14466857910156,661.2996826171875,1875.6802978515625
2020-02-18,574.5803833007812,685.3945922851562,148.4528045654297,656.4458618164062,1886.3216552734375
2020-02-19,581.1868896484375,687.800537109375,150.52830505371094,672.7295532226562,1869.8060302734375
2020-02-20,576.4036865234375,684.8360595703125,151.07449340820312,664.744384765625,1836.135986328125
2020-02-24,573.0175170898438,683.8478393554688,147.83380126953125,646.4028930664062,1800.8492431640625
2020-02-25,568.4474487304688,686.0391235351562,146.95989990234375,633.6309814453125,1835.5826416015625
2020-02-26,567.9502563476562,672.591552734375,144.62953186035156,622.7155151367188,1807.872314453125
2020-02-27,568.044921875,668.381103515625,143.86483764648438,620.1432495117188,1792.462890625
2020-02-28,557.720703125,628.7259521484375,143.86483764648438,594.3756713867188,1702.776123046875
2020-03-02,558.6441650390625,636.760009765625,142.22630310058594,588.7838745117188,1703.75537109375
2020-03-03,559.6860961914062,641.8726196289062,141.1703643798828,600.7280883789062,1733.4664306640625
2020-03-04,544.0814208984375,651.9690551757812,136.54600524902344,599.3189697265625,1773.478515625
2020-03-05,545.2653198242188,648.4031982421875,136.94654846191406,586.5470581054688,1809.1065673828125
2020-03-06,537.474853515625,634.95556640625,132.3585662841797,568.585693359375,1801.7850341796875
2020-03-09,524.40380859375,605.310791015625,129.04505920410156,498.41845703125,1679.109375
2020-03-11,527.4820556640625,589.45751953125,127.91629791259766,516.044189453125,1663.2320556640625
2020-03-12,483.6752014160156,542.3694458007812,113.46061706542969,475.53631591796875,1506.716064453125
2020-03-13,506.6442565917969,551.9503173828125,118.15780639648438,494.4593811035156,1537.7471923828125
2020-03-16,473.3509826660156,501.08184814453125,107.23411560058594,454.3765563964844,1444.1865234375
2020-03-17,461.79547119140625,476.85040283203125,108.61779022216797,450.931884765625,1411.49560546875
2020-03-18,415.2891845703125,459.1065368652344,109.74657440185547,433.2615051269531,1408.430908203125
2020-03-19,424.12158203125,468.7733154296875,117.86651611328125,410.53594970703125,1403.24267578125
2020-03-20,418.10699462890625,502.8432312011719,127.80706024169922,455.3830871582031,1541.3931884765625
2020-03-23,365.39666748046875,452.36126708984375,112.36824035644531,395.48248291015625,1431.8416748046875
2020-03-24,363.5733642578125,506.7959289550781,109.01832580566406,422.03289794921875,1460.5269775390625
2020-03-25,405.7463684082031,520.8878784179688,107.30695343017578,484.14788818359375,1500.960205078125
2020-03-26,426.74993896484375,552.5088500976562,113.89756774902344,476.96783447265625,1535.8192138671875
2020-03-27,428.3365173339844,560.8438720703125,118.84962463378906,476.699462890625,1564.5897216796875
2020-03-30,393.8593444824219,538.5028076171875,115.93666076660156,460.9749755859375,1525.142578125
2020-03-31,408.18536376953125,551.2200927734375,125.03972625732422,498.2395324707031,1565.9619140625
2020-04-01,392.9120788574219,517.9662475585938,121.18001556396484,483.3426513671875,1465.3291015625
2020-04-03,385.4294128417969,503.2728576660156,129.5548095703125,482.0005798339844,1418.5498046875
2020-04-07,424.38201904296875,549.0718383789062,132.21295166015625,539.5526123046875,1522.3126220703125
2020-04-08,420.97222900390625,542.7131958007812,130.10104370117188,533.3119506835938,1462.4990234375
2020-04-09,438.0924072265625,546.7088012695312,134.907470703125,545.7484130859375,1514.552001953125
2020-04-13,424.02679443359375,547.6970825195312,132.2493438720703,531.9699096679688,1508.63525390625
2020-04-15,408.848388671875,549.11474609375,137.8932647705078,514.3889770507812,1487.968017578125
2020-04-16,416.638916015625,536.0537719726562,135.70852661132812,522.5308837890625,1471.589111328125
2020-04-17,431.10699462890625,540.2643432617188,136.9829559326172,547.5601196289062,1548.896240234375
2020-04-20,447.46942138671875,561.3593139648438,131.5939178466797,556.4177856445312,1559.572998046875
2020-04-21,436.48223876953125,544.0880737304688,130.7928466796875,553.5323486328125,1490.1123046875
2020-04-22,439.7736511230469,551.520751953125,132.72271728515625,610.0106811523438,1517.424560546875
2020-04-23,452.2526550292969,583.7003784179688,131.48468017578125,613.2764282226562,1610.6826171875
2020-04-24,444.2490539550781,565.3978271484375,131.12057495117188,633.8994140625,1559.4874267578125
2020-04-27,440.2945861816406,571.0690307617188,130.9749298095703,639.6031494140625,1574.9661865234375
2020-04-28,441.0997314453125,567.7178955078125,130.68362426757812,638.8873291015625,1594.2181396484375
2020-04-29,462.7426452636719,581.3372802734375,132.6498565673828,638.3505249023438,1634.1796875
2020-04-30,474.4402770996094,614.8056640625,132.57705688476562,655.8197021484375,1727.480224609375
2020-05-04,437.1215515136719,578.8883666992188,126.7511215209961,642.041259765625,1655.4466552734375
2020-05-05,431.651611328125,578.8883666992188,126.64186096191406,653.42626953125,1657.418701171875
2020-05-06,448.2035217285156,572.1862182617188,119.35940551757812,653.4710693359375,1632.4212646484375
2020-05-07,438.0687255859375,571.369873046875,117.24748992919922,674.1388549804688,1622.174072265625
2020-05-08,439.98675537109375,579.3179931640625,115.24481201171875,698.6761474609375,1623.6746826171875
2020-05-11,433.7117614746094,586.7936401367188,115.39043426513672,705.3864135742188,1659.6058349609375
2020-05-12,426.9631042480469,590.875244140625,120.19686889648438,661.7471313476562,1671.782958984375
2020-05-13,439.32379150390625,596.4603881835938,120.4517822265625,675.7872314453125,1671.9114990234375
2020-05-14,423.2454528808594,565.5267333984375,119.28658294677734,648.4657592773438,1631.349609375
2020-05-15,420.6170349121094,560.5000610351562,119.90557861328125,659.0556030273438,1623.24560546875
2020-05-18,396.227294921875,570.467529296875,119.9783935546875,650.6334228515625,1668.4385986328125
2020-05-19,393.3857421875,574.506103515625,124.34788513183594,636.2501831054688,1671.0538330078125
2020-05-20,405.9120788574219,575.3224487304688,127.98910522460938,647.4497680664062,1675.298583984375
2020-05-21,407.0723876953125,577.5995483398438,137.60195922851562,650.8592529296875,1707.5423583984375
2020-05-22,397.26910400390625,594.9136352539062,135.70852661132812,646.478759765625,1732.5400390625
2020-05-26,403.686279296875,584.7742919921875,139.6046142578125,643.091796875,1666.2086181640625
2020-05-27,427.9576416015625,606.170166015625,139.9323272705078,652.8010864257812,1719.633544921875
2020-05-28,447.65887451171875,607.845703125,138.8399658203125,664.8585815429688,1718.7760009765625
2020-05-29,450.68988037109375,601.8360595703125,143.71923828125,661.3135986328125,1691.377685546875
2020-06-01,467.7389831542969,609.2827758789062,146.04959106445312,686.5802612304688,1753.8927001953125
2020-06-02,474.0614013671875,616.7295532226562,143.6463623046875,693.51220703125,1755.52197265625
2020-06-03,484.1251220703125,611.024658203125,143.24586486816406,696.19921875,1759.822021484375
2020-06-04,474.3929443359375,616.4246826171875,145.75828552246094,713.4275512695312,1798.869140625
2020-06-05,489.3819274902344,612.7665405273438,145.6490478515625,714.2854614257812,1761.628173828125
2020-06-08,481.1178283691406,627.8342895507812,143.9376678466797,708.7760620117188,1781.840087890625
2020-06-09,467.5732421875,625.003662109375,144.5566864013672,694.1670532226562,1782.09814453125
2020-06-10,469.72808837890625,623.4796142578125,144.95721435546875,709.972900390625,1813.66259765625
2020-06-11,458.7171325683594,613.1151733398438,141.46163940429688,694.41552734375,1778.3135986328125
2020-06-12,465.4184265136719,602.7506103515625,141.20675659179688,717.4918823242188,1754.1026611328125
2020-06-15,449.8373718261719,598.8311767578125,136.32752990722656,729.1203002929688,1745.846435546875
2020-06-16,469.0414123535156,610.7199096679688,134.7253875732422,730.5428466796875,1759.521484375
2020-06-17,463.7608947753906,612.8538818359375,131.95803833007812,729.4815673828125,1761.2412109375
2020-06-18,483.0359191894531,621.7811279296875,135.89059448242188,747.7937622070312,1752.898681640625
2020-06-19,489.3819274902344,614.5086669921875,134.0335235595703,794.5337524414062,1758.4891357421875
2020-06-22,487.20343017578125,612.8973388671875,134.7253875732422,788.5501098632812,1744.1689453125
2020-06-23,493.6205749511719,627.66015625,135.34437561035156,777.1473999023438,1750.49072265625
2020-06-24,488.97943115234375,621.9988403320312,139.71388244628906,780.285888671875,1756.425048828125
2020-06-25,487.20343017578125,610.1102905273438,147.17835998535156,775.7925415039062,1733.9774169921875
2020-06-26,500.3218688964844,651.6552124023438,142.15347290039062,786.5178833007812,1822.3487548828125
2020-06-29,509.6042175292969,637.3278198242188,143.6463623046875,778.1634521484375,1807.55517578125
2020-06-30,504.77349853515625,640.9859008789062,141.7529296875,769.5606079101562,1790.7843017578125
2020-07-01,513.6533203125,637.4585571289062,147.76095581054688,784.68896484375,1799.2996826171875
2020-07-02,515.9265747070312,658.9713134765625,149.90931701660156,798.19775390625,1855.2889404296875
2020-07-03,508.6097106933594,664.2842407226562,151.14732360839844,810.689697265625,1891.8428955078125
2020-07-06,522.3673095703125,665.4163818359375,153.28854370117188,839.6639404296875,1946.4991455078125
2020-07-07,523.385498046875,691.676025390625,149.03050231933594,826.8092041015625,1952.2615966796875
2020-07-08,525.8482055664062,674.7357177734375,150.60328674316406,815.2694091796875,1908.3984375
2020-07-09,532.7626342773438,680.83251953125,149.95115661621094,827.1719360351562,1895.8843994140625
2020-07-10,523.3619384765625,680.9631958007812,149.1072235107422,851.5665893554688,1911.36572265625
2020-07-13,511.5932922363281,694.2017822265625,151.5623016357422,877.3895263671875,1909.34423828125
2020-07-14,501.45849609375,682.1825561523438,150.2964324951172,869.2277221679688,1868.01806640625
2020-07-15,498.759033203125,723.7274780273438,152.44461059570312,836.1272583007812,1921.2991943359375
2020-07-16,503.21075439453125,793.4480590820312,148.72361755371094,835.855224609375,1926.342529296875
2020-07-17,520.2125244140625,786.611083984375,148.8770751953125,866.8245239257812,1897.033935546875
2020-07-20,536.5986328125,813.7415161132812,147.84133911132812,870.5426635742188,1903.1968994140625
2020-07-21,539.2034301757812,815.8755493164062,147.49609375,893.9623413085938,1917.9808349609375
2020-07-22,533.4255981445312,799.4578247070312,150.7950897216797,908.6762084960938,1888.586669921875
2020-07-23,535.3436889648438,790.7916870117188,153.97903442382812,933.0708618164062,1871.5621337890625
2020-07-24,529.9921264648438,803.7689819335938,153.13510131835938,973.1314697265625,1859.6668701171875
2020-07-27,511.2380676269531,826.0657348632812,150.67999267578125,977.6884155273438,1902.24951171875
2020-07-28,514.6242065429688,838.6076049804688,149.9127960205078,987.437255859375,1990.9920654296875
2020-07-29,504.181640625,831.0301513671875,150.91015625,950.6867065429688,1961.942138671875
2020-07-30,497.5750732421875,837.3883056640625,148.34002685546875,956.218505859375,1964.916259765625
2020-07-31,489.1215515136719,841.3511352539062,148.9537811279297,937.2877197265625,1966.5543212890625
2020-08-03,474.5350036621094,833.42529296875,147.76461791992188,910.9434204101562,1943.0653076171875
2020-08-04,493.3127746582031,827.2849731445312,148.57022094726562,975.1492309570312,1939.22900390625
2020-08-05,486.63519287109375,822.7996215820312,147.9180450439453,964.1988525390625,1947.67626953125
2020-08-06,492.8628234863281,845.5753784179688,149.8744354248047,967.6675415039062,1989.5694580078125
2020-08-07,494.35467529296875,828.19970703125,150.41146850585938,973.2675170898438,1978.5792236328125
2020-08-10,497.5750732421875,828.5914916992188,152.55966186523438,961.206298828125,1967.760986328125
2020-08-11,505.1524658203125,826.0657348632812,155.78196716308594,967.5316162109375,1965.260986328125
2020-08-12,503.75531005859375,831.72705078125,156.6642608642578,964.7203369140625,1945.82275390625
2020-08-13,501.55322265625,828.4608764648438,154.55442810058594,962.203857421875,1943.3233642578125
2020-08-14,489.90289306640625,830.5510864257812,150.67999267578125,958.4630126953125,1932.720703125
2020-08-17,489.0978698730469,833.947998046875,152.4829559326172,948.2835693359375,1942.4180908203125
2020-08-18,500.3455505371094,842.701171875,152.32952880859375,960.6168212890625,1956.5120849609375
2020-08-19,505.12872314453125,835.5156860351562,152.2528076171875,966.5114135742188,1945.1767578125
2020-08-20,501.52947998046875,831.9011840820312,150.2196807861328,950.8680419921875,1941.944580078125
2020-08-21,514.1505737304688,826.3705444335938,150.9868927001953,943.9758911132812,1938.2813720703125
2020-08-24,529.021240234375,825.1512451171875,150.91015625,950.278564453125,1937.849853515625
2020-08-25,530.2762451171875,817.0512084960938,149.9127960205078,944.0892333984375,1933.15185546875
2020-08-26,529.6842651367188,828.1124877929688,149.5675506591797,969.11865234375,1942.504638671875
2020-08-27,526.677001953125,824.8463134765625,149.03050231933594,957.0120239257812,1938.108642578125
2020-08-28,527.8135986328125,814.5690307617188,150.0278778076172,959.5285034179688,1929.618408203125
2020-08-31,528.4530029296875,808.777099609375,146.61380004882812,943.4544067382812,1945.7364501953125
2020-09-01,533.8756103515625,796.191650390625,145.92332458496094,946.4243774414062,1936.341064453125
2020-09-02,537.1197509765625,804.7706909179688,146.80560302734375,964.992431640625,1952.546630859375
2020-09-03,535.5805053710938,814.830322265625,146.99740600585938,957.6921997070312,1982.1563720703125
2020-09-04,530.0868530273438,800.5465087890625,143.2380828857422,941.8900146484375,1972.932373046875
2020-09-07,525.919189453125,805.68505859375,145.07936096191406,944.3385620117188,2005.904541015625
2020-09-08,526.8427124023438,818.096435546875,144.35052490234375,955.425048828125,2024.1351318359375
2020-09-09,519.2890625,808.0367431640625,141.01316833496094,980.0236206054688,2006.4215087890625
2020-09-10,516.4711303710938,818.7496948242188,141.8571319580078,1049.2398681640625,2009.43798828125
2020-09-11,510.83544921875,823.6705932617188,141.1282501220703,1051.8472900390625,2046.460693359375
2020-09-14,501.0321960449219,852.1510620117188,140.66793823242188,1044.048095703125,2147.573486328125
2020-09-15,506.9757995605469,855.6785278320312,139.47872924804688,1051.439208984375,2147.573486328125
2020-09-16,517.9393310546875,872.4880981445312,138.59646606445312,1054.023681640625,2157.57177734375
2020-09-17,513.1798095703125,880.5445556640625,137.02371215820312,1042.3250732421875,2121.325439453125
2020-09-18,500.724365234375,872.8364868164062,137.4072723388672,1045.4764404296875,2111.800048828125
2020-09-21,496.93572998046875,879.58642578125,134.83712768554688,1022.873046875,2125.074951171875
2020-09-22,490.35284423828125,877.4961547851562,133.64794921875,1002.6045532226562,2174.768798828125
2020-09-23,495.96484375,888.1654052734375,132.34368896484375,1011.5143432617188,2126.92822265625
2020-09-24,487.9848327636719,849.5382080078125,127.77880859375,989.0243530273438,2010.38671875
2020-09-25,494.4256896972656,880.9364624023438,131.0010528564453,998.319580078125,2088.009033203125
2020-09-28,499.2561950683594,880.0219116210938,132.95745849609375,1004.9169921875,2091.457275390625
2020-09-29,503.21075439453125,878.8025512695312,129.96536254882812,1017.9758911132812,2144.986328125
2020-09-30,510.8118591308594,878.1492919921875,131.7299041748047,1013.1241455078125,2148.348388671875
2020-10-01,524.238037109375,886.33642578125,131.07781982421875,1008.9979248046875,2175.2001953125
2020-10-05,527.7425537109375,913.3797607421875,129.85028076171875,1003.0806274414062,2332.385009765625
2020-10-06,541.831787109375,919.5201416015625,130.3489532470703,1002.2417602539062,2339.711669921875
2020-10-07,550.4274291992188,928.9265747070312,130.0420684814453,1023.62109375,2358.37353515625
2020-10-08,564.4219970703125,952.5731201171875,128.23915100097656,1015.3458251953125,2435.73828125
2020-10-09,584.1942749023438,963.98291015625,128.77618408203125,1012.7160034179688,2424.747802734375
2020-10-12,574.7698974609375,986.018310546875,132.11355590820312,1014.348388671875,2439.44384765625
2020-10-13,567.5712890625,1008.4020385742188,130.54075622558594,1034.1407470703125,2436.47021484375
2020-10-14,573.751708984375,990.2860107421875,128.73782348632812,1037.22412109375,2432.184814453125
2020-10-15,553.7425537109375,965.245849609375,126.62799072265625,1000.49609375,2372.45458984375
2020-10-16,567.99755859375,982.011962890625,127.1266860961914,986.5757446289062,2392.104736328125
2020-10-19,569.9866333007812,980.6182861328125,129.0830535888672,986.757080078125,2347.30615234375
2020-10-20,579.6478271484375,990.7213134765625,128.4692840576172,977.552490234375,2371.0693359375
2020-10-21,590.4219360351562,1000.1714477539062,128.62274169921875,963.360107421875,2316.012451171875
2020-10-22,584.0758056640625,983.3616943359375,129.3131866455078,955.35693359375,2312.333251953125
2020-10-23,585.2598266601562,988.1595458984375,131.0010528564453,958.1229248046875,2325.881103515625
2020-10-26,573.4674682617188,979.3123168945312,129.3131866455078,920.0573120117188,2327.09326171875
2020-10-27,583.9810791015625,960.29736328125,128.27748107910156,922.5059204101562,2276.840576171875
2020-10-28,572.8517456054688,947.7086791992188,126.97323608398438,912.0542602539062,2269.959228515625
2020-10-29,562.2434692382812,946.2122802734375,125.70732879638672,919.059814453125,2279.0048828125
2020-10-30,560.514892578125,933.6676635742188,126.78141784667969,931.5745239257812,2306.8798828125
2020-11-02,575.5275268554688,943.967529296875,127.93223571777344,851.2944946289062,2254.7236328125
2020-11-03,591.0138549804688,935.3844604492188,130.5023956298828,839.0292358398438,2279.8271484375
2020-11-04,595.4893188476562,963.0264282226562,130.272216796875,867.5046997070312,2296.7509765625
2020-11-05,601.07763671875,971.8735961914062,134.06993103027344,886.4581298828125,2324.9287109375
2020-11-06,619.287109375,979.576416015625,133.45614624023438,920.0800170898438,2343.75732421875
2020-11-09,634.8681030273438,1000.5280151367188,132.5738525390625,929.8514404296875,2360.33447265625
2020-11-10,660.0157470703125,960.4735717773438,136.83187866210938,945.2001342773438,2293.67822265625
2020-11-11,658.263427734375,988.1595458984375,142.1639862060547,905.5928955078125,2326.7470703125
2020-11-12,649.6204223632812,983.9779663085938,144.23544311523438,897.7938232421875,2312.246826171875
2020-11-13,643.5111083984375,989.656005859375,143.5449676513672,905.2301635742188,2299.9541015625
2020-11-14,648.6732788085938,997.7988891601562,144.69578552246094,907.9053955078125,2311.640625
2020-11-17,667.0247802734375,989.2158813476562,143.7367706298828,903.8018188476562,2307.918701171875
2020-11-18,667.14306640625,977.6397705078125,141.2049560546875,901.05859375,2273.811279296875
2020-11-19,650.8753662109375,965.4913330078125,144.15872192382812,894.6878662109375,2282.6845703125
2020-11-20,664.7515869140625,971.3014526367188,147.0741424560547,861.292724609375,2302.897705078125
2020-11-23,660.4655151367188,1003.4330444335938,146.4219970703125,884.5084228515625,2358.300537109375
2020-11-24,681.1139526367188,1003.609130859375,150.0278778076172,890.5617065429688,2356.396240234375
2020-11-25,664.3489379882812,982.12939453125,148.72361755371094,883.1934204101562,2338.43359375
2020-11-26,675.64404296875,979.9725341796875,149.45245361328125,885.3699340820312,2355.140625
2020-11-27,682.3690185546875,968.352294921875,148.57022094726562,875.0315551757812,2319.69189453125
2020-12-01,678.7933959960938,1001.6723022460938,149.14561462402344,886.4127197265625,2360.508056640625
2020-12-02,666.3143310546875,1004.3574829101562,150.3347625732422,887.8864135742188,2380.202392578125
2020-12-03,652.2250366210938,991.63671875,150.52659606933594,890.5617065429688,2345.488525390625
2020-12-04,656.2032470703125,998.8553466796875,152.06100463867188,882.7173461914062,2361.1572265625
2020-12-07,649.880859375,1006.6461791992188,155.85867309570312,887.9091186523438,2369.94384765625
2020-12-08,651.7988891601562,1015.3175048828125,155.32162475585938,904.028564453125,2421.537353515625
2020-12-09,666.4328002929688,1034.552490234375,157.58493041992188,919.08251953125,2433.22412109375
2020-12-10,656.3216552734375,1027.994140625,163.18551635742188,910.0364990234375,2410.2841796875
2020-12-11,654.8772583007812,1023.98876953125,165.94749450683594,909.492431640625,2409.67822265625
2020-12-14,649.8336181640625,1025.177001953125,165.640625,902.917724609375,2421.884033203125
2020-12-15,658.9027709960938,1016.4179077148438,163.83766174316406,895.2319946289062,2390.590087890625
2020-12-16,668.0902709960938,1026.189453125,164.1829071044922,896.2294921875,2436.16796875
2020-12-17,682.8189086914062,1020.46728515625,163.4540557861328,900.3331298828125,2456.943603515625
2020-12-18,668.398193359375,1047.4051513671875,164.56649780273438,903.031005859375,2476.6806640625
2020-12-21,650.0703735351562,1036.401123046875,155.7052459716797,879.5206298828125,2441.318115234375
2020-12-22,650.2833862304688,1074.430908203125,156.05050659179688,878.1603393554688,2486.6357421875
2020-12-23,651.4911499023438,1103.0853271484375,159.38783264160156,881.4024047851562,2518.016845703125
2020-12-24,661.6495361328125,1088.1199951171875,160.03997802734375,904.2100219726562,2518.535888671875
2020-12-28,669.1085205078125,1091.8612060546875,160.73045349121094,908.3589477539062,2535.892578125
2020-12-29,675.9044799804688,1100.66455078125,162.3032684326172,902.3508911132812,2536.8447265625
2020-12-30,678.4144897460938,1097.583251953125,161.99635314941406,904.8220825195312,2518.492919921875
2020-12-31,680.2142333984375,1105.5062255859375,160.3468475341797,900.1970825195312,2478.196533203125
2021-01-01,674.8863525390625,1109.599609375,164.06781005859375,901.1947021484375,2534.8974609375
2021-01-04,670.600341796875,1134.07275390625,163.72259521484375,902.7136840820312,2631.15966796875
2021-01-05,675.667724609375,1138.95849609375,162.2265167236328,891.4912109375,2677.5166015625
2021-01-06,672.7551879882812,1128.6585693359375,157.58493041992188,867.9807739257812,2641.59130859375
2021-01-07,670.7188110351562,1111.0963134765625,155.5901641845703,866.5751342773438,2625.4033203125
2021-01-08,678.0120239257812,1155.0682373046875,154.59275817871094,876.800048828125,2701.668212890625
2021-01-11,687.3889770507812,1211.4967041015625,155.3599853515625,860.2723999023438,2749.756103515625
2021-01-12,701.3834838867188,1207.579345703125,158.3904571533203,887.3876953125,2748.37158203125
2021-01-13,696.48193359375,1221.13623046875,162.0730743408203,879.112548828125,2734.60693359375
2021-01-14,695.5821533203125,1206.47900390625,164.2979736328125,888.9973754882812,2819.3876953125
2021-01-15,694.5875854492188,1183.9866943359375,167.13665771484375,878.5003662109375,2804.33935546875
2021-01-18,702.3779907226562,1155.0245361328125,168.59437561035156,899.5850219726562,2794.27880859375
2021-01-19,712.2050170898438,1159.0738525390625,167.9038543701172,914.298828125,2828.060546875
2021-01-20,706.5930786132812,1179.1448974609375,166.9832305908203,931.6652221679688,2869.778564453125
2021-01-21,698.4473266601562,1179.3651123046875,163.9527587890625,951.9335327148438,2839.465576171875
2021-01-22,683.6477661132812,1180.37744140625,161.65110778808594,929.352783203125,2864.834716796875
2021-01-25,692.7879028320312,1166.5123291015625,159.4261932373047,880.1100463867188,2854.6005859375
2021-01-27,667.5693359375,1145.2967529296875,161.6127471923828,859.2522583007812,2828.364013671875
2021-01-28,649.5020141601562,1123.4647216796875,158.50558471679688,850.8864135742188,2772.422607421875
2021-01-29,658.52392578125,1090.760986328125,155.93539428710938,835.19775390625,2698.526611328125
2021-02-01,699.370849609375,1109.995849609375,165.678955078125,859.3883056640625,2722.811279296875
2021-02-02,739.0574340820312,1119.107177734375,167.4051971435547,873.2179565429688,2778.406494140625
2021-02-03,745.8060913085938,1130.9036865234375,166.29273986816406,875.4171142578125,2775.457275390625
2021-02-04,747.842529296875,1126.2376708984375,176.41989135742188,872.537841796875,2765.396728515625
2021-02-05,756.6038818359375,1119.85546875,179.79563903808594,872.288330078125,2738.943359375
2021-02-08,760.2268676757812,1147.54150390625,178.83660888671875,884.8484497070312,2787.643310546875
2021-02-09,763.3525390625,1149.30224609375,175.6910400390625,886.9795532226562,2755.379150390625
2021-02-10,749.0974731445312,1141.335205078125,174.57859802246094,895.2093505859375,2786.94970703125
2021-02-11,744.6458129882812,1137.946044921875,173.7346649169922,932.11865234375,2780.61865234375
2021-02-12,749.192138671875,1153.0435791015625,166.8297882080078,925.7252197265625,2767.434814453125
2021-02-15,765.6021118164062,1152.91162109375,167.71206665039062,921.6444091796875,2723.245361328125
2021-02-16,770.3616333007812,1135.965087890625,167.44354248046875,933.8416748046875,2696.3154296875
2021-02-17,751.3470458984375,1127.954345703125,167.05995178222656,944.6107788085938,2665.351806640625
2021-02-18,736.0975952148438,1137.769775390625,167.9038543701172,937.559814453125,2651.69140625
2021-02-19,728.8989868164062,1136.7574462890625,165.678955078125,943.27294921875,2664.267578125
2021-02-22,733.114013671875,1113.7813720703125,162.76451110839844,910.5352783203125,2565.9140625
2021-02-23,724.1868286132812,1114.7935791015625,163.90435791015625,917.495361328125,2584.77783203125
2021-02-24,760.7950439453125,1121.7921142578125,164.1794891357422,934.5217895507812,2556.936767578125
2021-02-25,760.7715454101562,1122.0125732421875,164.41534423828125,972.3153076171875,2597.87451171875
2021-02-26,726.6731567382812,1103.305419921875,160.2489471435547,945.7669067382812,2510.27587890625
2021-03-01,738.2760009765625,1115.36572265625,162.6466064453125,952.9765014648438,2536.2080078125
2021-03-02,742.6804809570312,1148.377685546875,165.0049285888672,954.9262084960938,2607.458740234375
2021-03-03,751.5128173828125,1182.7545166015625,165.04425048828125,998.5009765625,2653.209716796875
2021-03-04,735.0319213867188,1171.1341552734375,164.8477020263672,986.5983276367188,2645.056396484375
2021-03-05,724.58935546875,1159.1177978515625,163.94366455078125,987.890625,2608.9326171875
2021-03-08,719.6166381835938,1175.8878173828125,163.51133728027344,993.5132446289062,2607.979248046875
2021-03-09,739.98095703125,1184.5152587890625,163.35409545898438,993.4905395507812,2646.140625
2021-03-10,736.7843017578125,1204.41015625,162.33212280273438,989.3643188476562,2663.48681640625
2021-03-12,734.984619140625,1210.308349609375,161.31021118164062,969.2546997070312,2652.21240234375
2021-03-15,723.9500732421875,1209.2078857421875,161.50674438476562,956.2412109375,2659.323486328125
2021-03-16,716.1358032226562,1218.3631591796875,163.3933868408203,952.4777221679688,2697.399169921875
2021-03-17,708.1795043945312,1221.004150390625,165.55523681640625,931.9599609375,2699.9140625
2021-03-18,706.1194458007812,1177.0760498046875,171.0972900390625,910.9887084960938,2633.607666015625
2021-03-19,709.1978149414062,1183.546630859375,175.26370239257812,944.0438232421875,2645.489990234375
2021-03-22,695.771484375,1206.7431640625,177.6613311767578,935.1565551757812,2714.398193359375
2021-03-23,710.4528198242188,1207.403564453125,174.67408752441406,946.5377807617188,2725.630615234375
2021-03-24,700.3416748046875,1191.733642578125,169.76092529296875,928.3097534179688,2706.982666015625
2021-03-25,693.0247192382812,1174.17138671875,166.34132385253906,902.9857177734375,2658.196044921875
2021-03-26,706.2615356445312,1176.2840576171875,165.79107666015625,904.4366455078125,2659.887451171875
2021-03-30,735.8133544921875,1219.5078125,168.6603546142578,920.1480102539062,2739.4638671875
2021-03-31,707.3743896484375,1204.322021484375,171.7655029296875,908.2681884765625,2756.203369140625
2021-04-01,704.1066284179688,1219.4197998046875,172.9839630126953,916.77001953125,2745.05859375
2021-04-05,686.5128784179688,1241.1636962890625,167.08810424804688,903.5071411132812,2809.15283203125
2021-04-06,682.0848999023438,1242.1761474609375,167.16671752929688,899.7437133789062,2831.529296875
2021-04-07,685.3763427734375,1259.0340576171875,168.07078552246094,908.15478515625,2837.34033203125
2021-04-08,678.556640625,1267.529052734375,167.63839721679688,909.288330078125,2877.19384765625
2021-04-09,673.3234252929688,1268.5858154296875,167.5204620361328,898.7235107421875,2881.443359375
2021-04-12,647.4182739257812,1255.1165771484375,161.3887939453125,866.5751342773438,2815.7880859375
2021-04-13,663.1886596679688,1229.9395751953125,164.0615692138672,875.9385375976562,2692.1953125
2021-04-15,677.2778930664062,1197.895751953125,162.48934936523438,881.6063842773438,2791.849853515625
2021-04-16,676.5912475585938,1191.733642578125,163.47201538085938,876.0745239257812,2771.2080078125
2021-04-19,668.8954467773438,1199.48046875,161.62464904785156,862.290283203125,2742.282958984375
2021-04-20,658.9501342773438,1189.6207275390625,160.0131378173828,862.0408325195312,2727.32177734375
2021-04-22,673.6787109375,1189.40087890625,161.8604736328125,864.42138671875,2704.988525390625
2021-04-23,669.7241821289062,1174.17138671875,161.4281463623047,863.4918823242188,2696.921630859375
2021-04-26,665.2962036132812,1182.7545166015625,161.3887939453125,878.6817626953125,2689.376220703125
2021-04-27,681.3507080078125,1187.1119384765625,161.4674072265625,901.7161254882812,2716.436279296875
2021-04-28,699.3945922851562,1193.71435546875,161.54603576660156,905.6382446289062,2709.584716796875
2021-04-29,697.3580322265625,1194.0224609375,160.6027069091797,917.7675170898438,2701.908935546875
2021-04-30,668.84814453125,1192.2618408203125,159.2663116455078,904.36865234375,2632.87109375
2021-05-03,669.8663330078125,1190.237060546875,157.96920776367188,888.29443359375,2634.04150390625
2021-05-04,657.505615234375,1170.2978515625,156.90797424316406,869.0462646484375,2645.099853515625
2021-05-05,664.2542724609375,1180.9498291015625,158.32298278808594,870.6334228515625,2684.953125
2021-05-06,663.4491577148438,1198.6441650390625,159.38421630859375,875.5757446289062,2698.613525390625
2021-05-07,670.0083618164062,1190.67724609375,161.4281463623047,875.9158935546875,2717.21728515625
2021-05-10,672.4237060546875,1179.2332763671875,161.58534240722656,873.3992919921875,2728.145263671875
2021-05-11,664.7041625976562,1171.3980712890625,160.3668975830078,876.5507202148438,2708.283935546875
2021-05-12,662.7861938476562,1168.184814453125,159.77725219726562,867.4819946289062,2677.927978515625
2021-05-14,656.7952880859375,1158.8536376953125,166.852294921875,878.4324340820312,2646.6181640625
2021-05-17,682.0848999023438,1170.2978515625,167.12744140625,888.8839721679688,2662.4462890625
2021-05-18,699.34716796875,1179.629150390625,165.12283325195312,901.3986206054688,2678.968505859375
2021-05-19,690.5857543945312,1176.9884033203125,163.31478881835938,905.52490234375,2673.07080078125
2021-05-20,678.556640625,1179.0130615234375,162.72518920898438,900.2424926757812,2653.98974609375
2021-05-21,709.1030883789062,1192.393798828125,164.33673095703125,908.0187377929688,2671.769775390625
2021-05-24,715.0938110351562,1186.7156982421875,166.26272583007812,900.3557739257812,2672.636474609375
2021-05-25,700.4126586914062,1198.6441650390625,165.79107666015625,890.153564453125,2714.035400390625
2021-05-26,699.512939453125,1230.027587890625,165.55523681640625,893.2822875976562,2752.820556640625
2021-05-27,702.1649169921875,1234.4290771484375,165.98757934570312,896.0255126953125,2771.55908203125
2021-05-28,712.015625,1236.894287109375,167.36326599121094,949.8477783203125,2739.833984375
2021-05-31,717.8880615234375,1240.1864013671875,170.27188110351562,979.5475463867188,2753.38720703125
2021-06-01,715.9226684570312,1234.3580322265625,169.21063232421875,983.4470825195312,2748.02685546875
2021-06-02,712.2760009765625,1226.7501220703125,164.29742431640625,998.1155395507812,2727.501708984375
2021-06-03,720.114013671875,1236.5379638671875,164.33673095703125,1001.9243774414062,2737.7861328125
2021-06-04,710.8316650390625,1232.9788818359375,164.10092163085938,993.2412109375,2739.96533203125
2021-06-07,710.3107299804688,1236.5379638671875,166.22340393066406,1009.9727172851562,2774.348388671875
2021-06-08,702.3545532226562,1257.2708740234375,167.9528350830078,1004.1688842773438,2789.12109375
2021-06-09,701.052001953125,1259.3619384765625,167.04881286621094,986.2130126953125,2789.208251953125
2021-06-10,701.4072875976562,1267.370361328125,169.2904815673828,989.8403930664062,2803.632568359375
2021-06-11,703.917236328125,1287.4803466796875,168.15811157226562,1007.0098266601562,2853.311279296875
2021-06-14,700.6494750976562,1300.7388916015625,167.6728057861328,1021.4564208984375,2855.533935546875
2021-06-15,705.7642211914062,1311.50537109375,167.4705810546875,1023.7772216796875,2843.6806640625
2021-06-16,703.0884399414062,1317.4671630859375,168.11766052246094,1006.3045654296875,2853.791015625
2021-06-17,694.3270874023438,1330.5474853515625,166.3382110595703,1008.1473388671875,2891.6162109375
2021-06-18,700.8152465820312,1337.6661376953125,165.44850158691406,1012.697509765625,2873.793701171875
2021-06-21,705.0302124023438,1334.9967041015625,165.36761474609375,1017.9756469726562,2852.70166015625
2021-06-22,702.7095947265625,1345.274169921875,165.89334106445312,1012.7430419921875,2877.19189453125
2021-06-23,703.5147705078125,1337.5328369140625,164.96316528320312,1003.4607543945312,2842.504150390625
2021-06-24,713.3416748046875,1387.406982421875,164.39698791503906,979.868408203125,2940.29248046875
2021-06-25,717.5328979492188,1400.75439453125,165.85292053222656,957.550048828125,2946.56787109375
2021-06-28,714.336181640625,1398.618896484375,164.68011474609375,949.1550903320312,2908.17626953125
2021-06-29,714.4312744140625,1390.8328857421875,164.4374237060547,949.9740600585938,2911.749755859375
2021-06-30,712.4574584960938,1406.6270751953125,163.95211791992188,960.37109375,2916.02001953125
2021-07-01,707.154052734375,1388.474853515625,164.19479370117188,954.592529296875,2912.31591796875
2021-07-02,704.1337280273438,1395.059814453125,163.70948791503906,968.7433471679688,2898.3271484375
2021-07-05,711.2919921875,1404.9808349609375,164.7205047607422,978.3668212890625,2894.449462890625
2021-07-06,729.9608764648438,1390.076416015625,163.79034423828125,966.8095092773438,2843.288818359375
2021-07-07,732.2440185546875,1392.212158203125,164.80140686035156,960.09814453125,2854.313232421875
2021-07-08,723.1830444335938,1388.7862548828125,163.38595581054688,952.1581420898438,2839.9765625
2021-07-09,714.4075317382812,1390.6993408203125,162.86019897460938,942.4208984375,2796.093017578125
2021-07-12,707.27294921875,1377.3077392578125,162.65798950195312,948.29052734375,2782.9765625
2021-07-13,714.3361206054688,1374.727294921875,163.2646026611328,955.3887939453125,2778.13916015625
2021-07-14,713.0520629882812,1403.1571044921875,165.08450317382812,949.1550903320312,2801.671630859375
2021-07-15,723.302001953125,1406.6270751953125,166.82350158691406,947.494384765625,2797.6533203125
2021-07-16,724.0867309570312,1384.0703125,168.15811157226562,961.1674194335938,2790.53466796875
2021-07-19,699.6627807617188,1371.835205078125,168.03675842285156,955.0474243164062,2781.625732421875
2021-07-20,686.416259765625,1379.26513671875,167.26840209960938,952.7041015625,2800.142822265625
2021-07-22,689.0560302734375,1414.991455078125,167.43014526367188,964.9439697265625,2809.358154296875
2021-07-23,686.2260131835938,1415.2139892578125,171.7978973388672,958.1188354492188,2806.30078125
2021-07-26,682.3258056640625,1427.1822509765625,170.78684997558594,944.99169921875,2792.936767578125
2021-07-27,684.7991333007812,1425.9808349609375,168.76473999023438,935.0496826171875,2780.183837890625
2021-07-28,674.12109375,1428.694580078125,169.1287078857422,927.0186767578125,2793.155517578125
2021-07-29,674.5728759765625,1438.8387451171875,166.66175842285156,934.25341796875,2791.408203125
2021-07-30,678.47314453125,1433.0548095703125,165.77203369140625,926.0859985351562,2766.645751953125
2021-08-02,676.6657104492188,1451.78564453125,167.6728057861328,943.012451171875,2812.021484375
2021-08-03,682.3970947265625,1472.829833984375,169.77578735351562,949.9512939453125,2869.2333984375
2021-08-04,696.95166015625,1467.535400390625,168.72430419921875,957.2315673828125,2859.669189453125
2021-08-05,706.2504272460938,1471.3616943359375,174.10308837890625,971.1094360351562,2868.40380859375
2021-08-06,709.9603271484375,1468.3807373046875,173.2942657470703,950.5429077148438,2890.98291015625
2021-08-09,715.3113403320312,1480.037353515625,172.93028259277344,945.128173828125,2902.25
2021-08-10,717.0948486328125,1492.4503173828125,169.7353515625,950.0877685546875,2912.033203125
2021-08-11,711.0543212890625,1492.71728515625,168.76473999023438,963.3970336914062,2921.0302734375
2021-08-12,714.1221313476562,1503.4395751953125,168.96694946289062,960.3028564453125,2927.624755859375
2021-08-13,725.9179077148438,1523.5494384765625,171.0294952392578,976.2965087890625,3025.14599609375
2021-08-16,728.0107421875,1516.60888671875,170.58465576171875,988.9686279296875,3033.488037109375
2021-08-17,720.42431640625,1549.7548828125,169.20960998535156,984.759765625,3103.4521484375
2021-08-18,719.6395874023438,1542.458251953125,169.0074005126953,988.5819091796875,3110.003173828125
2021-08-20,720.471923828125,1542.0133056640625,168.96694946289062,977.4796752929688,3109.0859375
2021-08-23,725.1569213867188,1547.17431640625,166.8639678955078,983.8953247070312,3177.128662109375
2021-08-24,741.447509765625,1531.2467041015625,166.4191131591797,993.6098022460938,3155.990966796875
2021-08-25,740.7579345703125,1544.326904296875,166.94485473632812,1002.20947265625,3195.99609375
2021-08-26,739.5211791992188,1537.341796875,165.48895263671875,1014.8815307617188,3207.2197265625
2021-08-27,736.5009155273438,1520.524169921875,166.54043579101562,1013.4937744140625,3249.408203125
2021-08-30,745.9185180664062,1510.9586181640625,168.239013671875,1032.9910888671875,3232.943115234375
2021-08-31,752.1731567382812,1518.43310546875,170.90817260742188,1027.4854736328125,3307.318603515625
2021-09-01,751.0792236328125,1492.8951416015625,169.45225524902344,1031.5576171875,3244.86572265625
2021-09-02,755.7879638671875,1502.99462890625,169.6544647216797,1043.9796142578125,3351.25341796875
2021-09-03,749.62841796875,1513.27197265625,170.3419952392578,1086.79638671875,3355.883056640625
2021-09-06,744.7056274414062,1539.7442626953125,169.2904815673828,1103.67724609375,3364.57373046875
2021-09-07,746.3941650390625,1518.611083984375,171.2721710205078,1110.638916015625,3333.04150390625
2021-09-08,749.794921875,1506.6873779296875,170.8677215576172,1106.29345703125,3296.57421875
2021-09-09,746.0849609375,1505.21923828125,172.00009155273438,1103.67724609375,3311.64208984375
2021-09-13,739.8779296875,1505.4862060546875,173.21336364746094,1079.0838623046875,3358.765380859375
2021-09-14,736.5485229492188,1500.3697509765625,174.7906036376953,1077.6732177734375,3394.183837890625
2021-09-15,735.716064453125,1522.882080078125,174.70970153808594,1082.1551513671875,3454.1474609375
2021-09-16,741.9706420898438,1514.69580078125,186.64015197753906,1104.8603515625,3409.382568359375
2021-09-17,752.5298461914062,1504.952392578125,186.96368408203125,1087.7291259765625,3343.47998046875
2021-09-20,741.9231567382812,1501.8824462890625,189.06666564941406,1089.4580078125,3339.680419921875
2021-09-21,738.1655883789062,1529.11083984375,195.335205078125,1094.16748046875,3374.138427734375
2021-09-22,729.4852905273438,1527.7318115234375,196.95285034179688,1105.9068603515625,3373.438720703125
2021-09-23,746.7508544921875,1550.5555419921875,196.14401245117188,1132.9345703125,3379.641357421875
2021-09-24,761.7572631835938,1569.508544921875,192.86822509765625,1129.6583251953125,3381.431640625
2021-09-27,772.95849609375,1531.513427734375,193.07041931152344,1148.655029296875,3351.427978515625
2021-09-28,768.1784057617188,1501.2149658203125,192.30201721191406,1159.3934326171875,3300.942138671875
2021-09-29,758.0948486328125,1505.797607421875,192.58509826660156,1150.2022705078125,3312.078857421875
2021-09-30,758.6179809570312,1490.6260986328125,191.00787353515625,1146.2889404296875,3297.798095703125
2021-10-01,752.79150390625,1481.68359375,190.36080932617188,1148.3138427734375,3258.186279296875
2021-10-04,754.2421264648438,1493.7850341796875,191.37184143066406,1163.0791015625,3295.832763671875
2021-10-05,758.8558349609375,1506.2869873046875,189.83505249023438,1187.2171630859375,3348.240478515625
2021-10-06,768.1069946289062,1489.157958984375,187.04454040527344,1164.7626953125,3328.67431640625
2021-10-07,766.0142822265625,1504.685302734375,188.4196014404297,1170.4730224609375,3400.298828125
2021-10-08,762.2804565429688,1533.9158935546875,187.40853881835938,1215.450927734375,3437.63916015625
2021-10-11,777.0965576171875,1504.6407470703125,192.544677734375,1206.9876708984375,3219.230224609375
2021-10-12,775.098876953125,1499.47998046875,195.17340087890625,1213.881103515625,3190.624755859375
2021-10-13,779.7601318359375,1520.8798828125,201.5632781982422,1226.2347412109375,3192.6767578125
2021-10-14,802.5906982421875,1526.7086181640625,207.50823974609375,1228.7144775390625,3160.515380859375
2021-10-18,794.4573364257812,1594.6905517578125,212.3612823486328,1231.99072265625,3191.757568359375
2021-10-19,803.2090454101562,1621.38525390625,198.9345245361328,1243.024658203125,3180.380615234375
2021-10-20,796.1458740234375,1603.7667236328125,199.46026611328125,1228.7144775390625,3158.239990234375
2021-10-21,797.3111572265625,1560.4324951171875,197.92349243164062,1193.26904296875,3091.423095703125
2021-10-22,799.4276733398438,1530.3121337890625,191.37184143066406,1195.49853515625,3061.974853515625
2021-10-25,788.13134765625,1519.4117431640625,188.7835693359375,1183.8502197265625,3056.8115234375
2021-10-26,786.1099243164062,1529.421142578125,191.45274353027344,1210.8096923828125,3047.754150390625
2021-10-27,781.3773193359375,1552.0882568359375,192.86822509765625,1195.49853515625,3054.01123046875
2021-10-28,757.9759521484375,1529.600830078125,182.07017517089844,1182.3941650390625,2994.414306640625
2021-10-29,752.8629150390625,1497.14892578125,180.53338623046875,1154.0242919921875,2973.498779296875
2021-11-01,763.5409545898438,1526.1446533203125,183.48565673828125,1154.7296142578125,3042.327880859375
2021-11-02,764.2305908203125,1524.214599609375,182.47459411621094,1137.89404296875,3049.153564453125
2021-11-03,752.1969604492188,1528.343994140625,179.92672729492188,1130.06787109375,3056.198974609375
2021-11-04,758.1423950195312,1533.90966796875,183.24302673339844,1137.0067138671875,3070.551025390625
2021-11-08,761.138916015625,1559.763671875,185.87171936035156,1138.4173583984375,3065.387939453125
2021-11-09,747.8211059570312,1564.2523193359375,185.02244567871094,1147.40380859375,3067.969482421875
2021-11-10,739.7352294921875,1562.1427001953125,186.72100830078125,1160.235107421875,3049.241455078125
2021-11-11,736.4296264648438,1555.993408203125,186.03350830078125,1162.3509521484375,3052.654296875
2021-11-12,738.6650390625,1598.095703125,188.37913513183594,1179.8917236328125,3085.77880859375
2021-11-15,740.6865234375,1604.3348388671875,192.58509826660156,1172.9300537109375,3109.62646484375
2021-11-16,736.2869262695312,1608.9581298828125,190.4416961669922,1145.6749267578125,3112.33837890625
2021-11-17,728.1058959960938,1604.6041259765625,193.71749877929688,1121.1495361328125,3082.146484375
2021-11-18,732.1964111328125,1597.377685546875,192.0998077392578,1125.381103515625,3041.7158203125
2021-11-22,720.75732421875,1579.423583984375,186.76144409179688,1075.5347900390625,3026.575439453125
2021-11-23,720.8524169921875,1559.2252197265625,187.32765197753906,1085.59033203125,3031.695068359375
2021-11-24,722.0416259765625,1522.5089111328125,184.1731719970703,1069.91552734375,3013.36083984375
2021-11-25,725.799072265625,1546.2083740234375,187.08499145507812,1134.3221435546875,3015.63623046875
2021-11-26,708.6522827148438,1518.60400390625,181.18045043945312,1097.761962890625,3016.4677734375
2021-11-29,714.0507202148438,1522.8231201171875,179.1583709716797,1110.911865234375,3064.731689453125
2021-11-30,710.388427734375,1537.455810546875,178.87525939941406,1094.48583984375,3088.49169921875
2021-12-01,715.66796875,1539.475830078125,179.4818878173828,1122.5146484375,3131.06689453125
2021-12-02,725.703857421875,1569.4141845703125,182.353271484375,1129.7265625,3188.038818359375
2021-12-03,719.9011840820312,1558.01318359375,179.2796630859375,1095.78271484375,3185.89404296875
2021-12-06,715.2637329101562,1521.880615234375,176.24652099609375,1075.0113525390625,3094.8359375
2021-12-07,725.6801147460938,1536.55810546875,178.47084045410156,1083.7703857421875,3136.929931640625
2021-12-08,739.045654296875,1573.992431640625,181.94886779785156,1100.2645263671875,3174.03564453125
2021-12-09,726.2271118164062,1583.05908203125,190.4012451171875,1117.7142333984375,3152.026611328125
2021-12-10,724.1818237304688,1579.2886962890625,190.9674530029297,1118.851806640625,3182.700439453125
2021-12-13,718.7596435546875,1566.1822509765625,189.75418090820312,1096.419677734375,3158.939453125
2021-12-14,714.62158203125,1572.9151611328125,184.901123046875,1082.996826171875,3171.32373046875
2021-12-15,713.456298828125,1556.8013916015625,181.2209014892578,1079.834716796875,3124.547119140625
2021-12-16,713.5037841796875,1590.375732421875,180.2907257080078,1093.8033447265625,3134.392822265625
2021-12-17,700.6378784179688,1634.5875244140625,176.2869873046875,1064.9329833984375,3136.79931640625
2021-12-20,678.0926513671875,1614.8829345703125,171.7978973388672,1036.2215576171875,3112.7763671875
2021-12-21,685.774169921875,1626.28369140625,171.87876892089844,1051.646484375,3157.758544921875
2021-12-22,687.3912963867188,1638.0435791015625,171.47434997558594,1076.6038818359375,3177.405517578125
2021-12-23,686.8681030273438,1667.5782470703125,175.76119995117188,1076.2171630859375,3205.365966796875
2021-12-24,684.394775390625,1672.87451171875,176.32740783691406,1079.652587890625,3212.54248046875
2021-12-27,690.054931640625,1675.2535400390625,175.9634246826172,1078.4921875,3234.595947265625
2021-12-28,694.8113403320312,1694.868408203125,177.9855194091797,1091.3009033203125,3243.74072265625
2021-12-29,691.5055541992188,1692.6690673828125,175.3163604736328,1093.1663818359375,3233.369873046875
2021-12-30,695.1442260742188,1699.2222900390625,174.70970153808594,1073.4189453125,3267.544677734375
2021-12-31,703.658203125,1694.64404296875,176.36785888671875,1077.536865234375,3271.56982421875
2022-01-03,722.8025512695312,1704.2493896484375,177.21713256835938,1093.7806396484375,3341.05615234375
2022-01-04,727.03564453125,1704.8780517578125,178.1472930908203,1118.4649658203125,3399.690185546875
2022-01-05,744.3013305664062,1655.952880859375,178.38995361328125,1123.6976318359375,3378.86181640625
2022-01-06,732.3628540039062,1631.8494873046875,176.8936004638672,1099.53662109375,3332.041748046875
2022-01-07,737.499755859375,1628.7073974609375,176.6509552001953,1108.4093017578125,3372.342529296875
2022-01-10,741.5902709960938,1661.428955078125,180.6142578125,1109.3193359375,3395.40234375
2022-01-11,744.80078125,1665.7828369140625,179.52235412597656,1117.3048095703125,3426.950927734375
2022-01-12,740.4011840820312,1685.397705078125,180.16940307617188,1147.1307373046875,3377.943115234375
2022-01-13,726.7740478515625,1702.768310546875,181.13999938964844,1153.5919189453125,3411.198486328125
2022-01-14,734.9313354492188,1731.988525390625,180.04808044433594,1155.275390625,3472.677001953125
2022-01-17,723.6824951171875,1741.1004638671875,181.665771484375,1161.3043212890625,3517.309326171875
2022-01-18,727.36865234375,1724.268310546875,178.5517120361328,1147.4493408203125,3492.32421875
2022-01-19,722.2317504882812,1676.0616455078125,178.22817993164062,1147.3583984375,3431.877197265625
2022-01-20,717.7369995117188,1637.14599609375,176.9340362548828,1127.2696533203125,3354.64208984375
2022-01-21,723.7300415039062,1603.0330810546875,175.55899047851562,1127.4515380859375,3360.734375
2022-01-24,707.1065063476562,1559.135498046875,171.31260681152344,1081.9730224609375,3306.2490234375
2022-01-25,707.7724609375,1545.98388671875,173.33468627929688,1079.8572998046875,3304.97802734375
2022-01-27,701.54150390625,1506.888916015625,173.5773468017578,1063.863525390625,3199.20703125
2022-01-28,695.9765625,1513.7115478515625,176.0038604736328,1062.83984375,3234.975341796875
2022-01-31,706.6546630859375,1558.5966796875,178.10684204101562,1085.9317626953125,3275.477783203125
2022-02-01,712.0294189453125,1590.7796630859375,184.21360778808594,1082.337158203125,3331.935546875
2022-02-02,728.2960815429688,1604.289794921875,187.7725067138672,1084.5438232421875,3380.63525390625
2022-02-03,720.75732421875,1560.7064208984375,189.63282775878906,1070.5294189453125,3352.93212890625
2022-02-04,724.8716430664062,1562.995361328125,189.5115203857422,1060.76953125,3344.42822265625
2022-02-07,698.3072509765625,1539.5654296875,186.1952667236328,1054.308349609375,3312.9560546875
2022-02-08,695.3107299804688,1541.6300048828125,187.04454040527344,1072.0311279296875,3281.78955078125
2022-02-09,712.314697265625,1559.584228515625,186.1548309326172,1084.5211181640625,3296.78125
2022-02-10,725.3947143554688,1588.580078125,187.85337829589844,1083.406494140625,3305.373046875
2022-02-11,722.4219970703125,1545.265869140625,188.01515197753906,1081.2906494140625,3239.271240234375
2022-02-14,700.9469604492188,1510.120361328125,181.7635498046875,1064.0684814453125,3273.28662109375
2022-02-15,721.922607421875,1560.43701171875,184.70391845703125,1100.1962890625,3346.970947265625
2022-02-16,720.9475708007812,1555.993408203125,184.496826171875,1097.9212646484375,3342.850830078125
2022-02-17,716.5479125976562,1548.36279296875,184.41400146484375,1111.8218994140625,3317.51416015625
2022-02-18,719.3303833007812,1532.3387451171875,183.79281616210938,1103.1312255859375,3326.01806640625
2022-02-21,723.9677734375,1553.6595458984375,180.5625762939453,1091.9833984375,3260.70654296875
2022-02-22,718.5455322265625,1556.9359130859375,177.95352172851562,1087.0235595703125,3144.10791015625
2022-02-23,713.8843383789062,1564.56640625,178.86459350585938,1080.22119140625,3124.295654296875
2022-02-24,675.1199340820312,1506.4849853515625,172.69400024414062,1026.393310546875,2982.142333984375
2022-02-25,692.5758056640625,1521.2520751953125,177.2080535888672,1039.224853515625,3086.5546875
2022-02-28,678.3780517578125,1540.1038818359375,178.78176879882812,1073.6236572265625,3115.87939453125
2022-03-02,653.6448364257812,1528.6134033203125,178.32623291015625,1091.3690185546875,3108.822021484375
2022-03-03,652.0990600585938,1544.81689453125,181.72213745117188,1082.1551513671875,3107.287841796875
2022-03-04,649.9586791992188,1547.0162353515625,186.7745819091797,1058.1531982421875,3089.710693359375
2022-03-07,630.1246337890625,1561.873291015625,186.31903076171875,1019.022216796875,3055.1259765625
2022-03-08,631.5515747070312,1596.30029296875,187.93414306640625,1017.179443359375,3155.987060546875
2022-03-09,652.17041015625,1627.854736328125,189.88059997558594,1071.143798828125,3184.610595703125
2022-03-10,662.4203491210938,1639.1209716796875,192.1583251953125,1088.50244140625,3174.39697265625
2022-03-11,664.3704223632812,1635.6197509765625,195.76129150390625,1091.6419677734375,3155.285888671875
2022-03-14,686.1309204101562,1697.292236328125,197.95620727539062,1100.605712890625,3193.727783203125
2022-03-15,677.3078002929688,1651.1502685546875,197.0037078857422,1075.398193359375,3150.683349609375
2022-03-16,688.79443359375,1696.1251220703125,200.93795776367188,1093.5531005859375,3205.036865234375
2022-03-17,703.9674072265625,1664.885009765625,202.84298706054688,1129.203369140625,3219.80859375
2022-03-21,707.0350952148438,1663.493896484375,202.5116729736328,1122.6966552734375,3179.438232421875
2022-03-22,710.6737670898438,1694.329833984375,206.860107421875,1151.7037353515625,3244.531005859375
2022-03-23,703.5867919921875,1680.8643798828125,208.7237091064453,1155.366455078125,3254.56884765625
2022-03-24,686.178466796875,1693.701416015625,211.08424377441406,1173.316650390625,3287.401123046875
2022-03-25,680.5897827148438,1684.58984375,209.8418731689453,1181.1429443359375,3250.229736328125
2022-03-28,681.493408203125,1682.2108154296875,212.90647888183594,1193.018798828125,3250.448486328125
2022-03-29,690.530517578125,1693.0731201171875,210.87718200683594,1193.2918701171875,3248.388916015625
2022-03-30,702.4928588867188,1709.186767578125,206.40452575683594,1216.224365234375,3271.357666015625
2022-03-31,699.3536376953125,1711.7901611328125,207.60552978515625,1198.8428955078125,3278.7216796875
2022-04-01,716.31005859375,1708.8277587890625,209.80044555664062,1208.443603515625,3295.20263671875
2022-04-04,788.0361938476562,1690.3350830078125,211.58120727539062,1212.015625,3305.373046875
2022-04-05,764.944091796875,1670.72021484375,214.89430236816406,1194.8843994140625,3344.3408203125
2022-04-06,737.6423950195312,1641.76904296875,215.01852416992188,1191.69921875,3292.222412109375
2022-04-07,721.4231567382812,1625.7452392578125,212.57516479492188,1170.677734375,3229.803466796875
2022-04-08,720.42431640625,1628.976806640625,221.8103485107422,1190.1522216796875,3231.1181640625
2022-04-11,711.6250610351562,1585.8419189453125,221.56187438964844,1187.67236328125,3240.542236328125
2022-04-12,710.3646240234375,1564.207275390625,219.3255157470703,1165.3087158203125,3235.896240234375
2022-04-13,696.78515625,1569.68359375,223.2598114013672,1161.0313720703125,3210.3408203125
2022-04-18,663.7283325195312,1455.5400390625,223.71534729003906,1157.4822998046875,3092.954345703125
2022-04-19,638.400634765625,1402.2164306640625,216.63365173339844,1201.595703125,3043.7294921875
2022-04-20,644.1559448242188,1425.287353515625,214.9770965576172,1236.9273681640625,3118.158447265625
2022-04-21,653.6923828125,1453.2061767578125,215.68115234375,1265.8890380859375,3181.14794921875
2022-04-22,644.774169921875,1423.267578125,216.2609405517578,1255.287353515625,3167.032958984375
2022-04-25,649.6019287109375,1401.408447265625,211.4155731201172,1226.25732421875,3110.61962890625
2022-04-26,652.5985107421875,1419.272705078125,214.4801788330078,1262.9541015625,3108.95361328125
2022-04-27,652.8363037109375,1393.9576416015625,213.2791748046875,1264.1827392578125,3122.015869140625
2022-04-28,652.2655029296875,1420.708984375,216.2609405517578,1283.065673828125,3142.267333984375
2022-04-29,658.5676879882812,1407.19873046875,214.9770965576172,1269.5975341796875,3109.304443359375
2022-05-02,667.6522827148438,1383.364501953125,217.95887756347656,1265.1383056640625,3105.533935546875
2022-05-04,644.9644165039062,1378.4722900390625,215.14276123046875,1225.64306640625,3050.611328125
2022-05-05,643.5137329101562,1422.998291015625,217.04779052734375,1201.6412353515625,3080.110595703125
2022-05-06,626.699951171875,1385.025390625,220.8578338623047,1192.42724609375,3009.275634765625
2022-05-09,627.7701416015625,1409.7122802734375,217.7932586669922,1145.8568115234375,3020.23388671875
2022-05-10,637.8536987304688,1394.13720703125,215.14276123046875,1125.9954833984375,3014.667236328125
2022-05-11,641.4447021484375,1370.5723876953125,211.7468719482422,1114.4609375,2991.2158203125
2022-05-12,626.9856567382812,1354.45849609375,209.46914672851562,1091.755859375,2988.279052734375
2022-05-13,621.35595703125,1350.5086669921875,214.19027709960938,1104.1322021484375,2993.758056640625
2022-05-16,627.9719848632812,1336.773681640625,210.4630584716797,1104.4052734375,2960.357177734375
2022-05-17,632.2544555664062,1363.12109375,219.2427215576172,1150.7935791015625,3025.932861328125
2022-05-18,632.206298828125,1354.8175048828125,220.98207092285156,1154.9798583984375,3023.477783203125
2022-05-19,619.2869873046875,1281.160888671875,228.31224060058594,1128.361572265625,2859.671142578125
2022-05-20,635.5985107421875,1306.2965087890625,231.9152069091797,1194.15625,2886.891845703125
2022-05-23,627.4428100585938,1318.1910400390625,227.35972595214844,1186.1708984375,2912.095703125
2022-05-24,634.6361694335938,1293.593994140625,224.33657836914062,1190.2431640625,2882.50830078125
2022-05-25,639.375732421875,1266.1690673828125,225.8688507080078,1188.4913330078125,2795.706298828125
2022-05-26,657.6119995117188,1278.2879638671875,226.28521728515625,1177.16162109375,2848.04296875
2022-05-27,669.8095703125,1311.8621826171875,228.4063720703125,1171.7012939453125,2878.3603515625
2022-05-30,674.3807373046875,1370.6171875,228.2790985107422,1212.5159912109375,2978.93017578125
2022-05-31,668.3179321289062,1364.0853271484375,229.63661193847656,1197.887451171875,2969.31005859375
2022-06-01,671.1567993164062,1341.359619140625,230.65478515625,1198.274169921875,2961.234130859375
2022-06-02,666.4654541015625,1368.0770263671875,232.0547637939453,1239.58935546875,3021.072998046875
2022-06-03,664.1558837890625,1380.5057373046875,231.3759765625,1264.705810546875,3036.20947265625
2022-06-06,663.2656860351562,1388.0810546875,233.15774536132812,1259.2686767578125,3028.08984375
2022-06-07,655.63916015625,1366.897705078125,232.39414978027344,1261.6346435546875,2967.853271484375
2022-06-08,657.9487915039062,1360.8192138671875,227.30335998535156,1239.4755859375,3004.436767578125
2022-06-09,662.9048461914062,1374.42724609375,229.8063201904297,1273.4649658203125,3024.692138671875
2022-06-10,650.1057739257812,1339.77197265625,229.21241760253906,1235.0164794921875,2965.382568359375
2022-06-13,638.317138671875,1292.32470703125,224.54586791992188,1211.6514892578125,2841.556884765625
2022-06-14,631.2921142578125,1306.8853759765625,225.224609375,1195.817138671875,2833.5693359375
2022-06-15,629.1027221679688,1290.2379150390625,223.48526000976562,1181.3475341796875,2829.81787109375
2022-06-16,616.520263671875,1267.5577392578125,221.1944122314453,1164.830810546875,2773.068115234375
2022-06-17,620.5861206054688,1258.576416015625,223.40042114257812,1178.4810791015625,2726.203125
2022-06-20,636.1759643554688,1282.93505859375,224.07920837402344,1157.1182861328125,2746.943359375
2022-06-21,643.1047973632812,1315.367919921875,229.00030517578125,1175.796630859375,2834.8046875
2022-06-22,640.0734252929688,1303.8916015625,225.09735107421875,1140.078125,2844.5126953125
2022-06-23,642.43115234375,1317.68115234375,225.2670135498047,1121.581787109375,2920.282958984375
2022-06-24,651.4049682617188,1307.3843994140625,225.56399536132812,1137.5528564453125,2906.426513671875
2022-06-27,652.583740234375,1337.776123046875,229.0426788330078,1134.1856689453125,2925.489501953125
2022-06-28,647.6036987304688,1342.8111572265625,230.65478515625,1150.1339111328125,2928.534912109375
2022-06-29,646.6653442382812,1327.4791259765625,232.52137756347656,1173.999267578125,2904.131103515625
2022-06-30,648.6141357421875,1326.2545166015625,232.0547637939453,1181.0518798828125,2883.4794921875
2022-07-01,651.380859375,1342.130615234375,241.26055908203125,1095.9874267578125,2925.843017578125
2022-07-04,652.2950439453125,1349.9327392578125,247.6664581298828,1098.2625732421875,2855.1923828125
2022-07-05,650.8275146484375,1339.0006103515625,243.4241485595703,1107.1580810546875,2838.64453125
2022-07-06,659.8013305664062,1353.244140625,245.46046447753906,1097.420654296875,2877.874755859375
2022-07-07,671.6139526367188,1359.6397705078125,247.7089080810547,1086.6142578125,2901.79296875
2022-07-08,672.2394409179688,1373.9285888671875,248.64219665527344,1088.11572265625,2882.022705078125
2022-07-11,676.5940551757812,1336.46044921875,250.2967071533203,1102.9036865234375,2748.179443359375
2022-07-12,669.6892700195312,1305.116455078125,248.34527587890625,1101.333740234375,2722.49658203125
2022-07-13,653.3536376953125,1310.4234619140625,249.49069213867188,1081.8138427734375,2681.94189453125
2022-07-14,650.0817260742188,1296.2711181640625,246.77561950683594,1090.7320556640625,2653.625
2022-07-15,655.3745727539062,1297.6318359375,249.06640625,1092.8480224609375,2649.9521484375
2022-07-18,648.397705078125,1351.656494140625,250.55123901367188,1102.15283203125,2710.92236328125
2022-07-19,648.6382446289062,1346.4400634765625,249.95730590820312,1108.909912109375,2720.435791015625
2022-07-20,656.8179931640625,1374.6998291015625,253.01177978515625,1138.89501953125,2800.564208984375
2022-07-21,654.7490844726562,1390.666748046875,254.1572265625,1131.2962646484375,2811.625732421875
2022-07-22,670.026123046875,1366.5345458984375,255.00572204589844,1138.940673828125,2806.050537109375
2022-07-25,671.9989013671875,1364.0853271484375,255.47232055664062,1101.3111572265625,2802.28955078125
2022-07-26,670.6275634765625,1316.501953125,256.61773681640625,1101.8115234375,2757.29150390625
2022-07-27,675.7520141601562,1334.5552978515625,258.0601806640625,1100.76513671875,2821.84619140625
2022-07-28,681.7425537109375,1376.6048583984375,257.4661865234375,1118.0101318359375,2885.249755859375
2022-07-29,690.0908203125,1405.9078369140625,257.1268615722656,1141.830078125,2921.885009765625
2022-08-01,695.8406982421875,1407.1324462890625,260.9024963378906,1171.587646484375,2919.141845703125
2022-08-02,688.190185546875,1400.3736572265625,262.981201171875,1176.046875,2912.947509765625
2022-08-03,689.8020629882812,1420.7861328125,261.4540100097656,1185.9205322265625,2955.15771484375
2022-08-04,688.984130859375,1451.4498291015625,262.5994567871094,1170.245361328125,2968.829833984375
2022-08-05,686.6504516601562,1466.645751953125,263.744873046875,1153.0003662109375,2977.767333984375
2022-08-08,703.4913940429688,1469.1405029296875,265.6962890625,1168.0841064453125,2986.085693359375
2022-08-10,705.5363159179688,1453.76318359375,264.0417785644531,1175.0684814453125,2968.210205078125
2022-08-11,714.8709716796875,1469.6395263671875,259.8419494628906,1178.981689453125,3028.605712890625
2022-08-12,714.6063232421875,1446.1878662109375,261.7933349609375,1198.046630859375,3010.06640625
2022-08-16,722.7861938476562,1448.3199462890625,263.4902648925781,1206.3731689453125,3002.2353515625
2022-08-17,726.5151977539062,1457.210693359375,265.187255859375,1212.67529296875,3009.668212890625
2022-08-18,727.3812255859375,1436.072509765625,267.8174743652344,1214.87451171875,2992.103271484375
2022-08-19,718.407470703125,1448.9095458984375,264.7205810546875,1193.2137451171875,2996.08447265625
2022-08-22,707.4849853515625,1429.449951171875,266.7569274902344,1189.904052734375,2968.4765625
2022-08-23,705.2957153320312,1399.28515625,268.0295715332031,1208.2552490234375,2906.576416015625
2022-08-24,708.6879272460938,1394.839599609375,266.5024108886719,1205.0369873046875,2880.69287109375
2022-08-25,704.838623046875,1377.28515625,265.0176086425781,1201.52197265625,2847.81787109375
2022-08-26,704.9588623046875,1380.36962890625,265.48419189453125,1195.108154296875,2851.358154296875
2022-08-29,692.5928344726562,1326.118408203125,266.0356750488281,1185.8184814453125,2772.025634765625
2022-08-30,715.0634155273438,1354.4234619140625,271.93255615234375,1204.2152099609375,2841.580322265625
2022-09-01,708.3511352539062,1328.3409423828125,269.47198486328125,1168.8138427734375,2771.273681640625
2022-09-02,714.7747192382812,1318.180419921875,274.1809387207031,1155.1646728515625,2770.122802734375
2022-09-05,719.369873046875,1325.710205078125,279.0172119140625,1173.1051025390625,2772.7783203125
2022-09-06,716.627197265625,1320.08544921875,277.5748291015625,1185.453125,2767.158935546875
2022-09-07,713.2349853515625,1322.3988037109375,276.6839599609375,1178.56005859375,2787.113525390625
2022-09-08,720.5968627929688,1338.95556640625,279.9081115722656,1180.226318359375,2804.855712890625
2022-09-09,721.0779418945312,1371.388427734375,280.41717529296875,1172.8768310546875,2847.33154296875
2022-09-12,718.6480712890625,1393.6602783203125,280.756591796875,1186.0009765625,2869.71923828125
2022-09-13,728.0548706054688,1401.5985107421875,283.7261657714844,1195.9071044921875,2857.685302734375
2022-09-14,735.5370483398438,1338.5018310546875,284.5322265625,1181.572998046875,2761.273681640625
2022-09-15,731.7118530273438,1299.8546142578125,283.4716491699219,1169.864013671875,2747.0712890625
2022-09-16,718.2631225585938,1249.277587890625,281.0959167480469,1140.8763427734375,2662.4296875
2022-09-19,723.0026245117188,1261.298095703125,284.7443542480469,1142.35986328125,2680.21630859375
2022-09-20,731.7118530273438,1259.71044921875,285.0837097167969,1142.54248046875,2690.392578125
2022-09-21,730.5810546875,1249.4588623046875,289.2835693359375,1145.6925048828125,2655.79345703125
2022-09-22,715.015380859375,1241.021728515625,292.7622985839844,1134.896240234375,2661.278564453125
2022-09-23,695.8406982421875,1238.753662109375,293.9077453613281,1113.62353515625,2638.846923828125
2022-09-26,686.4579467773438,1252.180419921875,282.1989440917969,1085.252197265625,2649.775634765625
2022-09-27,680.299072265625,1264.2464599609375,284.1079406738281,1093.8800048828125,2670.17236328125
2022-09-28,668.6066284179688,1265.289794921875,275.70819091796875,1064.755615234375,2686.278076171875
2022-09-29,665.1422119140625,1268.873291015625,282.58074951171875,1061.49169921875,2652.341796875
2022-09-30,683.9077758789062,1282.2999267578125,281.85955810546875,1085.434814453125,2658.75732421875
2022-10-03,679.9862670898438,1264.427978515625,275.24151611328125,1081.6688232421875,2641.41259765625
2022-10-04,699.13671875,1296.7701416015625,282.4110412597656,1101.6175537109375,2735.39013671875
2022-10-06,691.4381103515625,1320.1307373046875,285.6352233886719,1105.6802978515625,2744.947265625
2022-10-07,688.454833984375,1316.54736328125,283.4716491699219,1110.359619140625,2712.161865234375
2022-10-10,680.8524169921875,1326.9349365234375,278.16876220703125,1098.2396240234375,2759.63671875
2022-10-11,673.9476318359375,1291.689697265625,276.8536376953125,1076.373291015625,2716.27685546875
2022-10-12,678.350341796875,1296.135009765625,280.0777282714844,1084.2935791015625,2743.885986328125
2022-10-13,670.5553588867188,1288.1517333984375,278.84747314453125,1087.7401123046875,2746.14208984375
2022-10-14,692.400390625,1337.4586181640625,281.7746887207031,1082.216552734375,2742.469482421875
2022-10-17,696.033203125,1351.70166015625,281.9019470214844,1099.586181640625,2760.74609375
2022-10-18,694.7340698242188,1364.17578125,288.73211669921875,1118.9873046875,2789.979736328125
2022-10-19,701.8553466796875,1347.6192626953125,293.86529541015625,1138.4569091796875,2769.706787109375
2022-10-20,697.1159057617188,1361.6358642578125,296.7076721191406,1141.5155029296875,2801.158203125
2022-10-21,692.2079467773438,1361.2728271484375,293.22894287109375,1128.2769775390625,2783.5029296875
2022-10-24,703.0101318359375,1377.0130615234375,295.0107116699219,1132.0430908203125,2805.0615234375
2022-10-25,698.1262817382812,1384.678955078125,293.8229064941406,1114.559326171875,2805.41650390625
2022-10-27,699.8104248046875,1397.6561279296875,293.398681640625,1118.9415283203125,2801.246826171875
2022-10-28,701.87939453125,1387.8431396484375,293.398681640625,1153.178955078125,2806.43701171875
2022-10-31,720.1637573242188,1410.220947265625,295.8592224121094,1163.8837890625,2832.964111328125
2022-11-01,728.1270751953125,1442.641357421875,296.5379638671875,1154.8680419921875,2892.007080078125
2022-11-02,728.5841674804688,1424.573974609375,300.9075622558594,1162.08056640625,2876.0380859375
2022-11-03,725.3843994140625,1403.892822265625,300.1015625,1166.417236328125,2845.030517578125
2022-11-04,720.38037109375,1388.5308837890625,300.01666259765625,1183.5816650390625,2854.479248046875
2022-11-07,725.9859619140625,1382.523681640625,299.9317932128906,1189.904052734375,2868.93994140625
2022-11-09,725.7693481445312,1385.962646484375,306.04071044921875,1188.7171630859375,2853.28125
2022-11-10,733.6605224609375,1377.4794921875,302.052978515625,1174.3375244140625,2844.054443359375
2022-11-11,775.2333984375,1439.9818115234375,302.3499450683594,1201.407958984375,2941.91259765625
2022-11-14,777.1099853515625,1453.9219970703125,294.58648681640625,1195.58740234375,2959.25732421875
2022-11-15,779.0106201171875,1461.901123046875,292.9320068359375,1190.2237548828125,2956.684326171875
2022-11-16,785.6987915039062,1469.971923828125,291.9562683105469,1183.3990478515625,2976.868408203125
2022-11-17,778.6016235351562,1455.84814453125,291.6168518066406,1186.45751953125,2971.234375
2022-11-18,776.5567016601562,1461.350830078125,289.3684387207031,1185.8184814453125,2966.310302734375
2022-11-21,768.5933227539062,1438.2391357421875,286.10186767578125,1164.4771728515625,2913.122802734375
2022-11-22,767.4625244140625,1453.69287109375,288.689697265625,1170.9366455078125,2941.025390625
2022-11-23,769.4594116210938,1451.9501953125,288.307861328125,1167.28466796875,2935.125244140625
2022-11-24,781.9697875976562,1494.7342529296875,289.1139221191406,1177.3504638671875,2998.87060546875
2022-11-25,778.3610229492188,1500.099365234375,288.73211669921875,1194.925537109375,3007.29931640625
2022-11-28,769.9886474609375,1488.86474609375,288.51995849609375,1235.9874267578125,3012.267578125
2022-11-29,768.8339233398438,1494.0465087890625,290.4290466308594,1238.1099853515625,3014.130615234375
2022-11-30,773.9342041015625,1499.4573974609375,288.47760009765625,1246.8519287109375,3008.3193359375
2022-12-01,779.2511596679688,1519.7718505859375,288.09576416015625,1243.1771240234375,3083.59814453125
2022-12-02,773.2847290039062,1502.1630859375,286.0594482421875,1242.6522216796875,3051.21533203125
2022-12-05,776.0994873046875,1503.8594970703125,285.7200622558594,1224.5294189453125,3039.4599609375
2022-12-06,775.2333984375,1479.2347412109375,286.1867370605469,1228.067138671875,3003.484375
2022-12-07,774.8966674804688,1472.4481201171875,288.5624084472656,1209.9442138671875,2999.270263671875
2022-12-08,779.2511596679688,1485.8837890625,287.1200256347656,1209.3736572265625,2972.60986328125
2022-12-09,784.8087158203125,1439.2479248046875,289.6654052734375,1191.04541015625,2921.329345703125
2022-12-12,790.9195556640625,1418.9793701171875,291.192626953125,1192.871337890625,2915.740234375
2022-12-13,793.1088256835938,1441.86181640625,293.22894287109375,1198.3037109375,2956.24072265625
2022-12-14,799.8211059570312,1448.510986328125,293.05926513671875,1193.967041015625,2985.740234375
2022-12-15,785.1695556640625,1412.834716796875,287.50189208984375,1177.0079345703125,2932.286865234375
2022-12-16,788.9467163085938,1396.05126953125,284.320068359375,1171.1876220703125,2874.7509765625
2022-12-19,791.4006958007812,1382.4320068359375,288.9018249511719,1186.5716552734375,2840.8603515625
2022-12-20,785.939453125,1382.38623046875,288.6048583984375,1196.8428955078125,2878.034423828125
2022-12-21,778.3369140625,1384.4495849609375,284.3625183105469,1179.8155517578125,2899.859130859375
2022-12-22,775.6664428710938,1395.913818359375,282.07171630859375,1176.757080078125,2892.007080078125
2022-12-23,768.7377319335938,1373.0313720703125,277.1929931640625,1142.2459716796875,2864.19384765625
2022-12-26,784.0387573242188,1377.8922119140625,283.8958435058594,1152.22021484375,2885.974609375
2022-12-27,784.8327026367188,1389.310302734375,282.66558837890625,1161.6468505859375,2891.82958984375
2022-12-28,784.2071533203125,1384.9998779296875,283.7261657714844,1161.5328369140625,2889.70068359375
2022-12-29,789.7406616210938,1391.7867431640625,284.5322265625,1161.0079345703125,2900.036376953125
2022-12-30,783.4132690429688,1383.2113037109375,281.3080749511719,1162.7880859375,2889.345703125
2023-01-02,783.6779174804688,1397.7021484375,282.4110412597656,1175.8896484375,2893.559814453125
2023-01-03,788.8023681640625,1396.372314453125,280.9262390136719,1167.28466796875,2937.83154296875
2023-01-04,774.7042236328125,1370.9219970703125,277.4475402832031,1149.7095947265625,2940.7587890625
2023-01-05,769.7240600585938,1352.9462890625,282.92010498046875,1147.6552734375,2937.60986328125
2023-01-06,767.1738891601562,1328.458984375,284.2776794433594,1158.0863037109375,2849.28857421875
2023-01-09,768.6654663085938,1361.429931640625,286.8230285644531,1185.430419921875,2945.46142578125
2023-01-10,754.6154174804688,1347.9478759765625,282.877685546875,1167.90087890625,2915.695068359375
2023-01-11,765.4898071289062,1349.3236083984375,281.5201416015625,1153.178955078125,2953.223876953125
2023-01-12,769.5797119140625,1357.8988037109375,279.86566162109375,1128.2769775390625,2958.236572265625
2023-01-13,770.18115234375,1379.0386962890625,278.9323425292969,1126.4510498046875,2993.90234375
2023-01-16,762.7952270507812,1399.077880859375,280.1626281738281,1115.723388671875,3025.20654296875
2023-01-17,774.1508178710938,1411.9176025390625,281.9019470214844,1131.56396484375,3065.4482421875
2023-01-18,787.8159790039062,1417.3287353515625,283.93829345703125,1129.692138671875,3075.973388671875
2023-01-19,791.0878295898438,1411.367431640625,281.8171081542969,1128.482421875,3060.63916015625
2023-01-20,799.195556640625,1399.123779296875,283.8958435058594,1115.0614013671875,3051.565673828125
2023-01-23,805.0418090820312,1419.7132568359375,286.5685119628906,1109.4237060546875,3098.56689453125
2023-01-24,815.8199462890625,1423.2899169921875,287.5867004394531,1102.873046875,3117.98486328125
2023-01-25,793.2772216796875,1415.127685546875,287.84124755859375,1087.6259765625,3112.041259765625
2023-01-27,777.4708862304688,1393.254150390625,293.568359375,1066.992431640625,3095.07373046875
2023-01-30,776.6769409179688,1411.275634765625,292.5502624511719,1077.218017578125,3115.580322265625
2023-01-31,771.552490234375,1406.6441650390625,298.95611572265625,1074.5245361328125,3047.572998046875
2023-02-01,783.1246337890625,1422.5562744140625,306.6346435546875,1068.156494140625,3092.62353515625
2023-02-02,771.4803466796875,1452.50048828125,321.228271484375,1062.244873046875,3139.85205078125
2023-02-03,798.1610717773438,1466.853515625,322.96759033203125,1063.1805419921875,3159.7236328125
2023-02-06,794.7688598632812,1439.7523193359375,325.3009033203125,1055.1690673828125,3139.443359375
2023-02-07,795.9476318359375,1432.9197998046875,316.6889953613281,1052.6356201171875,3150.876953125
2023-02-08,795.8513793945312,1458.6910400390625,318.6404724121094,1073.6572265625,3194.02197265625
2023-02-09,794.19140625,1482.9949951171875,317.5374450683594,1075.5289306640625,3212.8505859375
2023-02-10,797.3430786132812,1475.245361328125,315.0768737792969,1066.6728515625,3209.85595703125
2023-02-13,797.9445190429688,1437.55126953125,317.4949951171875,1060.6014404296875,3159.814697265625
2023-02-14,805.3304443359375,1461.2132568359375,327.888671875,1085.5947265625,3175.874755859375
2023-02-15,803.694580078125,1464.698486328125,329.59710693359375,1110.1768798828125,3194.521240234375
2023-02-16,800.783447265625,1469.0548095703125,329.89892578125,1109.3095703125,3228.456298828125
2023-02-17,796.7657470703125,1452.5462646484375,330.6319885253906,1113.9429931640625,3176.827392578125
2023-02-20,789.2835083007812,1460.4793701171875,331.1925048828125,1102.16552734375,3164.2607421875
2023-02-21,792.24267578125,1448.6026611328125,329.6402282714844,1111.158447265625,3131.322998046875
2023-02-22,776.7010498046875,1432.36962890625,331.0199890136719,1085.959716796875,3086.453857421875
2023-02-23,771.4321899414062,1422.1893310546875,334.25390625,1080.755615234375,3097.56884765625
2023-02-24,764.5514526367188,1422.1435546875,332.0979919433594,1088.1510009765625,3085.455810546875
2023-02-27,766.4520874023438,1384.220458984375,329.59710693359375,1080.91552734375,3023.21044921875
2023-02-28,769.6759643554688,1364.27294921875,324.8540954589844,1060.2362060546875,3005.970458984375
2023-03-01,768.93017578125,1372.068603515625,326.5788269042969,1069.982421875,3072.072509765625
2023-03-02,762.3861694335938,1350.149169921875,323.8623962402344,1061.833984375,3013.77392578125
2023-03-03,777.51904296875,1356.70654296875,331.9686279296875,1088.927001953125,3032.556396484375
2023-03-06,783.0043334960938,1382.523681640625,334.72821044921875,1099.5633544921875,3059.505615234375
2023-03-08,784.568115234375,1368.99609375,338.39324951171875,1103.5120849609375,3076.336669921875
2023-03-09,784.6401977539062,1357.7154541015625,334.1676940917969,1076.98974609375,3027.74755859375
2023-03-10,764.4071655273438,1349.5987548828125,334.5988464355469,1060.3046875,3022.43896484375
2023-03-13,754.7357177734375,1316.1695556640625,330.8475341796875,1042.8665771484375,2977.93310546875
2023-03-14,752.7147216796875,1302.32080078125,327.441162109375,1038.9635009765625,2917.13916015625
2023-03-15,741.91259765625,1301.9998779296875,327.1824645996094,1021.2056884765625,2902.575927734375
2023-03-16,746.7242431640625,1287.7386474609375,328.9503479003906,1016.1157836914062,2889.963623046875
2023-03-17,756.70849609375,1302.9630126953125,323.8623962402344,1014.837646484375,2884.7919921875
2023-03-20,751.4637451171875,1287.3258056640625,326.6650695800781,1004.8632202148438,2852.126220703125
2023-03-21,759.9803466796875,1275.448974609375,325.0696716308594,1036.1102294921875,2818.372314453125
2023-03-22,758.22412109375,1274.1192626953125,325.75958251953125,1039.26025390625,2840.78466796875
2023-03-23,752.1373901367188,1260.637451171875,328.26043701171875,1026.1131591796875,2835.20361328125
2023-03-24,750.9344482421875,1266.2318115234375,326.5788269042969,1005.7989501953125,2831.438232421875
2023-03-27,754.2063598632812,1273.843994140625,327.87237548828125,1021.4340209960938,2833.072021484375
2023-03-28,760.3412475585938,1263.4345703125,327.48431396484375,1026.2044677734375,2827.2646484375
2023-03-29,763.9981689453125,1268.8917236328125,330.0714416503906,1020.133056640625,2848.134033203125
2023-03-31,774.463623046875,1309.612060546875,330.71820068359375,1064.116455078125,2908.927490234375
2023-04-03,774.9447631835938,1293.92919921875,326.75128173828125,1064.299072265625,2903.57421875
2023-04-05,795.7311401367188,1305.5767822265625,333.2190856933594,1061.74267578125,2939.6875
2023-04-06,801.7938842773438,1304.0633544921875,334.0382995605469,1068.8638916015625,2922.3564453125
2023-04-10,797.9926147460938,1309.291015625,335.0731506347656,1061.2861328125,2961.10107421875
2023-04-11,800.326416015625,1289.6187744140625,341.497802734375,1066.535888671875,2916.095458984375
2023-04-12,810.7196044921875,1309.9329833984375,339.385009765625,1071.2379150390625,2941.365478515625
2023-04-13,814.3523559570312,1274.0732421875,341.15283203125,1075.2777099609375,2893.45654296875
2023-04-17,801.9382934570312,1154.021484375,345.07666015625,1080.73291015625,2848.678466796875
2023-04-18,798.5459594726562,1154.9844970703125,343.6536865234375,1068.3619384765625,2840.73876953125
2023-04-19,801.4810791015625,1130.0841064453125,343.8692626953125,1073.68017578125,2803.401123046875
2023-04-20,804.46435546875,1122.013671875,345.20599365234375,1070.9637451171875,2817.192626953125
2023-04-21,805.7634887695312,1125.6363525390625,352.061767578125,1072.310546875,2868.05126953125
2023-04-24,812.2833862304688,1124.6734619140625,352.4498596191406,1076.4190673828125,2880.70849609375
2023-04-25,800.7353515625,1123.3892822265625,354.9076232910156,1084.6588134765625,2881.79736328125
2023-04-26,804.416259765625,1125.81982421875,355.5113220214844,1078.290771484375,2901.895263671875
2023-04-27,808.8429565429688,1142.969970703125,358.74517822265625,1085.1153564453125,2892.640380859375
2023-04-28,812.0186767578125,1148.9312744140625,366.9807434082031,1104.9500732421875,2921.041015625
2023-05-02,811.8502807617188,1171.5843505859375,366.0321960449219,1114.3310546875,2921.177001953125
2023-05-03,814.689208984375,1163.97216796875,368.3605651855469,1104.7674560546875,2885.33544921875
2023-05-04,831.3616333007812,1168.0076904296875,366.16156005859375,1117.503662109375,2922.3564453125
2023-05-05,782.2103271484375,1154.755126953125,369.7403564453125,1114.650634765625,2931.43017578125
2023-05-08,791.2562866210938,1160.71630859375,372.0687255859375,1128.4139404296875,2949.48681640625
2023-05-09,791.2803344726562,1165.3936767578125,365.47161865234375,1131.9061279296875,2979.112060546875
2023-05-10,794.9371948242188,1158.5611572265625,366.80828857421875,1139.6895751953125,2982.33349609375
2023-05-11,795.4664916992188,1152.003662109375,362.5395812988281,1132.2486572265625,2978.11474609375
2023-05-12,802.4916381835938,1142.007080078125,362.58270263671875,1134.0972900390625,2970.991455078125
2023-05-15,806.3409423828125,1154.067138671875,368.921142578125,1136.3341064453125,2953.524658203125
2023-05-16,801.7174072265625,1159.524169921875,365.6009521484375,1120.1514892578125,2956.33740234375
2023-05-17,797.4102172851562,1143.5662841796875,368.7486267089844,1113.5322265625,2911.46826171875
2023-05-18,800.5980224609375,1142.7408447265625,361.9359130859375,1111.1357421875,2903.438232421875
2023-05-19,801.5227661132812,1163.742919921875,362.0652770996094,1114.7418212890625,2924.307373046875
2023-05-22,798.6756591796875,1185.6624755859375,366.2908935546875,1120.69921875,2993.131591796875
2023-05-23,796.8018798828125,1192.3116455078125,370.08526611328125,1120.49365234375,2991.6337890625
2023-05-24,786.3868408203125,1191.0274658203125,373.8366394042969,1113.9658203125,2997.35107421875
2023-05-25,783.3693237304688,1196.255126953125,380.4337463378906,1113.8289794921875,2988.412841796875
2023-05-26,786.3868408203125,1208.26953125,382.5464782714844,1144.2088623046875,3020.533203125
2023-05-29,795.9744873046875,1205.4722900390625,387.2895202636719,1150.6453857421875,3012.77587890625
2023-05-30,796.5828857421875,1214.1390380859375,396.6940612792969,1150.3486328125,3009.010009765625
2023-05-31,783.9777221679688,1209.0489501953125,392.81439208984375,1127.5009765625,2984.783447265625
2023-06-01,780.6439819335938,1210.1495361328125,387.7003173828125,1124.4652099609375,3016.087646484375
2023-06-02,781.860595703125,1207.3612060546875,390.9627380371094,1120.7904052734375,2999.392578125
2023-06-05,780.838623046875,1212.4732666015625,388.5379638671875,1130.856201171875,2984.23876953125
2023-06-06,778.4051513671875,1188.7720947265625,390.4337158203125,1131.81494140625,2932.882080078125
2023-06-07,782.4446411132812,1198.020263671875,391.4477233886719,1140.3970947265625,2971.53564453125
2023-06-08,782.9312744140625,1192.30419921875,390.52191162109375,1141.081787109375,2936.647705078125
2023-06-09,783.8560791015625,1176.6427001953125,386.5981750488281,1133.0018310546875,2912.0126953125
2023-06-12,779.0865478515625,1200.8084716796875,385.2755432128906,1134.006103515625,2946.129150390625
2023-06-13,780.4005737304688,1212.798583984375,392.7261962890625,1150.759521484375,2943.226318359375
2023-06-14,779.5488891601562,1208.6624755859375,391.9327087402344,1164.910888671875,2949.89501953125
2023-06-15,769.961181640625,1196.02197265625,395.1069641113281,1165.2303466796875,2940.068359375
2023-06-16,780.0355224609375,1200.5296630859375,399.515625,1176.574462890625,2902.22412109375
2023-06-19,780.7169189453125,1202.7139892578125,399.95648193359375,1164.8880615234375,2934.67529296875
2023-06-20,782.3473510742188,1211.4508056640625,399.2951965332031,1167.3074951171875,2950.4892578125
2023-06-21,796.023193359375,1207.6866455078125,394.18109130859375,1170.5943603515625,2978.369384765625
2023-06-22,799.9166870117188,1191.1422119140625,394.7101745605469,1157.4471435546875,2960.36181640625
2023-06-23,799.8680419921875,1175.7598876953125,392.1531066894531,1147.974853515625,2940.114013671875
2023-06-26,795.9988403320312,1180.732421875,392.9907531738281,1139.210205078125,2915.707275390625
2023-06-27,807.2169799804688,1188.91162109375,392.46173095703125,1139.62109375,2922.74560546875
2023-06-28,815.75830078125,1202.1097412109375,396.2091064453125,1154.708251953125,2939.291259765625
2023-06-30,828.047119140625,1241.2862548828125,398.1930236816406,1164.1805419921875,3018.63623046875
2023-07-03,837.0021362304688,1239.6131591796875,408.4652404785156,1194.0582275390625,2991.2587890625
2023-07-04,841.0902709960938,1250.2557373046875,411.1986389160156,1181.7557373046875,3024.669677734375
2023-07-05,814.3712768554688,1252.25390625,418.91387939453125,1179.8155517578125,3034.816162109375
2023-07-06,815.1986083984375,1249.09375,417.85577392578125,1204.5804443359375,3037.5126953125
2023-07-07,808.093017578125,1236.3602294921875,413.0062255859375,1202.2294921875,3043.3173828125
2023-07-10,806.1705932617188,1235.3843994140625,410.7578125,1248.541015625,2990.9384765625
2023-07-11,802.2528076171875,1253.4622802734375,417.1944885253906,1262.076171875,2991.350341796875
2023-07-12,794.7334594726562,1239.2415771484375,416.44500732421875,1263.468505859375,2979.923583984375
2023-07-13,798.6998901367188,1268.7982177734375,416.18048095703125,1252.170166015625,3053.6474609375
2023-07-14,800.3546752929688,1325.35546875,416.9740295410156,1251.1202392578125,3212.79443359375
2023-07-17,817.0966796875,1322.5670166015625,416.48907470703125,1276.6842041015625,3191.815673828125
2023-07-18,816.415283203125,1371.131103515625,416.621337890625,1287.5257568359375,3196.5234375
2023-07-19,820.1141357421875,1370.898681640625,422.22039794921875,1297.2950439453125,3172.02490234375
2023-07-20,821.8905639648438,1347.244140625,433.947509765625,1295.7237548828125,3174.08740234375
2023-07-21,815.5636596679688,1237.6614990234375,432.4485778808594,1255.613525390625,3087.021240234375
2023-07-24,816.8533325195312,1242.3087158203125,415.6073303222656,1230.2166748046875,3111.26171875
2023-07-25,825.7110595703125,1240.449951171875,407.62762451171875,1229.425537109375,3115.2939453125
2023-07-26,822.8395385742188,1253.6944580078125,416.4009094238281,1249.4063720703125,3105.35009765625
2023-07-27,814.2982788085938,1257.691162109375,410.0523986816406,1237.7838134765625,3113.232177734375
2023-07-28,799.8680419921875,1245.93359375,413.0502624511719,1250.2225341796875,3075.197509765625
2023-07-31,803.615478515625,1260.0611572265625,410.6255187988281,1260.8065185546875,3135.732666015625
2023-08-01,808.9933471679688,1268.8912353515625,409.83197021484375,1242.9769287109375,3163.776611328125
2023-08-02,798.407958984375,1261.13037109375,405.6877746582031,1229.697509765625,3153.328125
2023-08-03,792.6407470703125,1268.0546875,402.1167297363281,1224.5291748046875,3116.02783203125
2023-08-04,804.1021118164062,1281.113525390625,401.1468505859375,1241.1717529296875,3155.986083984375
2023-08-07,803.6398315429688,1294.72998046875,401.1027526855469,1248.2442626953125,3193.1044921875
2023-08-08,802.9828491210938,1292.1275634765625,398.85430908203125,1240.7264404296875,3180.77783203125
2023-08-09,803.2748413085938,1296.03125,404.4092712402344,1248.9119873046875,3173.35400390625
2023-08-10,796.1448364257812,1291.10498046875,398.32525634765625,1254.475830078125,3154.657958984375
2023-08-11,787.8468627929688,1275.0718994140625,395.6800537109375,1259.767822265625,3160.798095703125
2023-08-14,784.0020751953125,1295.2412109375,396.07684326171875,1274.6546630859375,3161.760986328125
2023-08-16,781.714599609375,1318.4310302734375,397.00262451171875,1273.6160888671875,3169.596435546875
2023-08-17,777.3831176757812,1311.971435546875,388.8465881347656,1255.2425537109375,3148.837646484375
2023-08-18,774.1953125,1290.826171875,389.4197082519531,1264.5406494140625,3085.920654296875
2023-08-21,773.5869750976562,1306.255126953125,394.8424377441406,1250.74267578125,3117.585693359375
2023-08-22,770.2774658203125,1304.7215576171875,400.52960205078125,1250.44482421875,3099.713623046875
2023-08-23,772.1755981445312,1308.625244140625,397.1790771484375,1251.8345947265625,3114.46923828125
2023-08-24,768.622802734375,1323.171142578125,397.5758056640625,1230.7904052734375,3104.84619140625
2023-08-25,759.9597778320312,1319.918212890625,390.9186706542969,1225.1075439453125,3098.934814453125
2023-08-28,767.868408203125,1315.7821044921875,389.19927978515625,1212.8978271484375,3093.664794921875
2023-08-29,773.9763793945312,1317.6412353515625,388.0530090332031,1201.2838134765625,3094.214599609375
2023-08-30,768.3307495117188,1333.9066162109375,390.4337158203125,1200.1422119140625,3107.778564453125
2023-08-31,764.8023071289062,1334.185302734375,387.7003173828125,1194.65771484375,3076.48095703125
2023-09-01,766.384033203125,1341.9927978515625,388.8906555175781,1197.4619140625,3097.009765625
2023-09-04,771.1779174804688,1361.7435302734375,385.760498046875,1196.494140625,3133.0283203125
2023-09-05,766.4813842773438,1374.570068359375,390.6982727050781,1202.8968505859375,3142.972412109375
2023-09-06,776.507080078125,1373.2222900390625,394.5338134765625,1205.4281005859375,3143.476318359375
2023-09-07,783.9777221679688,1362.7659912109375,393.1671447753906,1207.06591796875,3166.709228515625
2023-09-08,790.0856323242188,1365.92626953125,390.3014831542969,1215.1064453125,3154.47412109375
2023-09-11,794.173828125,1372.2928466796875,394.3133544921875,1228.20947265625,3189.988525390625
2023-09-12,796.6559448242188,1395.203857421875,397.7962341308594,1210.4659423828125,3281.775146484375
2023-09-13,800.0626831054688,1392.6478271484375,399.8683166503906,1216.52099609375,3269.906494140625
2023-09-14,799.5759887695312,1400.641357421875,396.7381286621094,1217.6376953125,3262.7578125
2023-09-15,808.7500610351562,1404.9632568359375,395.3273620605469,1219.8961181640625,3297.813720703125
2023-09-18,792.83544921875,1386.56005859375,398.58978271484375,1209.274658203125,3305.008056640625
2023-09-20,761.0304565429688,1385.1195068359375,399.38336181640625,1182.323974609375,3304.916748046875
2023-09-21,755.9932861328125,1395.8082275390625,394.577880859375,1173.712890625,3285.899169921875
2023-09-22,744.4588623046875,1390.6031494140625,390.6982727050781,1168.8240966796875,3302.716796875
2023-09-25,745.1158447265625,1370.1552734375,390.2573547363281,1161.6273193359375,3278.429443359375
2023-09-26,748.3523559570312,1357.607666015625,390.1250915527344,1162.6446533203125,3286.265869140625
2023-09-27,743.0961303710938,1363.5096435546875,396.03277587890625,1175.7476806640625,3289.5654296875
2023-09-28,741.5630493164062,1337.9031982421875,388.62615966796875,1158.4755859375,3241.403564453125
2023-09-29,742.8284301757812,1334.185302734375,391.844482421875,1163.8856201171875,3233.9345703125
2023-10-03,733.9464111328125,1332.83740234375,387.74444580078125,1150.55908203125,3220.416015625
2023-10-04,744.41015625,1342.4573974609375,384.52606201171875,1148.5738525390625,3242.3203125
2023-10-05,747.4276123046875,1360.2100830078125,384.48193359375,1148.549072265625,3289.611083984375
2023-10-06,746.6002807617188,1374.38427734375,389.86053466796875,1150.4847412109375,3318.984375
2023-10-09,737.9371948242188,1371.3634033203125,388.3616943359375,1140.6822509765625,3334.51904296875
2023-10-10,742.1227416992188,1389.6737060546875,391.844482421875,1145.719970703125,3325.858154296875
2023-10-11,749.3013916015625,1388.9766845703125,395.2391662597656,1163.910400390625,3308.44482421875
2023-10-12,754.2899169921875,1362.115478515625,397.39947509765625,1166.0693359375,3246.71923828125
2023-10-13,747.4276123046875,1330.1885986328125,395.3273620605469,1166.0198974609375,3272.656005859375
2023-10-16,744.4345092773438,1332.9771728515625,395.8564147949219,1163.4140625,3229.76416015625
2023-10-17,750.0800170898438,1340.6915283203125,399.8242492675781,1168.972900390625,3214.183837890625
2023-10-18,739.640625,1338.9256591796875,398.2370910644531,1153.4627685546875,3196.036865234375
2023-10-19,737.3045654296875,1332.512451171875,397.13494873046875,1144.603271484375,3175.270751953125
2023-10-20,741.125,1326.5638427734375,386.4659118652344,1141.104248046875,3211.014404296875
2023-10-23,732.9730834960938,1309.27587890625,384.3497314453125,1123.2861328125,3133.46240234375
2023-10-25,728.3252563476562,1289.8812255859375,381.52813720703125,1120.6802978515625,3115.03955078125
2023-10-26,712.2158813476562,1279.901611328125,382.9830322265625,1105.0709228515625,3066.01806640625
2023-10-27,715.0143432617188,1299.5784912109375,382.4539794921875,1124.5765380859375,3079.06591796875
2023-10-30,722.7770385742188,1296.4718017578125,379.5442810058594,1147.7548828125,3104.426513671875
2023-10-31,718.5914916992188,1288.3280029296875,377.7366638183594,1135.5452880859375,3095.421630859375
2023-11-01,717.6180419921875,1274.91162109375,377.4721984863281,1140.2603759765625,3060.412841796875
2023-11-02,718.7131958007812,1289.975341796875,380.1614685058594,1151.57666015625,3087.473388671875
2023-11-03,722.1199340820312,1307.7696533203125,382.0130615234375,1151.3284912109375,3079.019775390625
2023-11-06,727.3518676757812,1321.1856689453125,383.8647766113281,1160.9075927734375,3105.98876953125
2023-11-07,723.8233642578125,1322.1273193359375,381.52813720703125,1153.3634033203125,3096.983642578125
2023-11-08,725.9161987304688,1309.6053466796875,385.2755432128906,1159.368896484375,3107.18310546875
2023-11-09,723.044677734375,1294.3533935546875,383.027099609375,1146.787109375,3075.849853515625
2023-11-10,725.8917846679688,1288.75146484375,384.9228820800781,1148.946044921875,3062.985595703125
2023-11-13,724.5777587890625,1293.1766357421875,384.43792724609375,1148.7972412109375,3061.239990234375
2023-11-15,732.1700439453125,1327.96435546875,389.6842346191406,1169.5684814453125,3128.086669921875
2023-11-16,734.0924072265625,1360.3514404296875,386.7745056152344,1171.6778564453125,3214.046875
2023-11-17,732.5106811523438,1353.4315185546875,387.30352783203125,1169.121826171875,3218.273681640625
2023-11-20,732.559326171875,1352.537109375,385.1432800292969,1166.044677734375,3234.0322265625
2023-11-21,738.7645874023438,1354.796630859375,384.6583251953125,1180.7109375,3225.395263671875
2023-11-22,736.1365966796875,1372.49658203125,387.7003173828125,1185.326904296875,3243.725830078125
2023-11-23,740.3950805664062,1364.447021484375,388.2734375,1188.9500732421875,3223.603271484375
2023-11-24,745.6512451171875,1353.2904052734375,386.0249938964844,1188.1558837890625,3176.603271484375
2023-11-28,743.9721069335938,1358.2801513671875,383.776611328125,1188.404052734375,3188.59423828125
2023-11-29,758.8161010742188,1374.19140625,385.4960021972656,1191.5308837890625,3228.656982421875
2023-11-30,758.645751953125,1370.001708984375,384.26153564453125,1179.9913330078125,3204.62890625
2023-12-01,756.9910278320312,1367.318603515625,396.6058654785156,1188.3544921875,3226.727294921875
2023-12-04,783.2720336914062,1378.6632080078125,400.353271484375,1201.209228515625,3227.462646484375
2023-12-05,790.2315673828125,1368.8719482421875,398.32525634765625,1209.9197998046875,3245.05859375
2023-12-06,792.2271118164062,1388.03125,408.4652404785156,1221.5091552734375,3311.676513671875
2023-12-07,793.5167236328125,1380.1226806640625,403.9243469238281,1219.4990234375,3321.599365234375
2023-12-08,804.5888061523438,1403.895263671875,396.03277587890625,1218.853759765625,3332.4423828125
2023-12-11,803.5181884765625,1401.4002685546875,398.9425048828125,1220.6405029296875,3347.328125
2023-12-12,795.5364990234375,1389.6785888671875,399.515625,1203.1202392578125,3374.15869140625
2023-12-13,793.7357788085938,1364.2115478515625,401.7640686035156,1208.03369140625,3301.982421875
2023-12-14,803.1044311523438,1413.5924072265625,405.6877746582031,1223.0228271484375,3369.702392578125
2023-12-15,806.2192993164062,1486.0396728515625,404.01251220703125,1238.6324462890625,3547.732421875
2023-12-18,805.8055419921875,1472.811767578125,398.2370910644531,1251.239013671875,3546.078125
2023-12-19,804.44287109375,1467.115966796875,402.16082763671875,1269.6527099609375,3506.5673828125
2023-12-20,806.438232421875,1446.4974365234375,397.6639709472656,1254.2913818359375,3473.349853515625
2023-12-21,820.892822265625,1446.1207275390625,398.060791015625,1271.8614501953125,3480.19580078125
2023-12-22,813.1788330078125,1471.4466552734375,401.3673095703125,1273.1021728515625,3513.734375
2023-12-26,818.8244018554688,1453.60546875,402.4694519042969,1279.554443359375,3487.5927734375
2023-12-27,828.9718627929688,1475.40087890625,403.0425720214844,1283.922119140625,3501.97265625
2023-12-28,829.9208374023438,1471.2113037109375,409.21478271484375,1293.203369140625,3491.58984375
2023-12-29,831.8676147460938,1452.616943359375,407.4512939453125,1282.9791259765625,3485.61669921875
2024-01-01,826.4410400390625,1460.572509765625,412.6976013183594,1285.6097412109375,3501.880859375
2024-01-02,826.927734375,1444.6143798828125,414.7255859375,1296.255859375,3476.24462890625
2024-01-03,814.1766357421875,1402.8123779296875,420.8096008300781,1282.16015625,3392.214111328125
2024-01-04,822.91259765625,1424.18408203125,420.0601501464844,1288.7860107421875,3369.288818359375
2024-01-05,818.7027587890625,1442.87255859375,417.89990234375,1294.2705078125,3434.619873046875
2024-01-08,809.577392578125,1433.693115234375,410.4491882324219,1284.17041015625,3379.855712890625
2024-01-09,803.2748413085938,1439.8128662109375,409.6115417480469,1280.7703857421875,3390.5146484375
2024-01-10,805.92724609375,1430.962890625,408.5093688964844,1315.3148193359375,3411.786376953125
2024-01-11,802.5447998046875,1406.7666015625,407.9362487792969,1349.9088134765625,3432.460693359375
2024-01-12,798.74853515625,1518.379638671875,411.5072326660156,1360.6541748046875,3567.763427734375
2024-01-15,814.1279296875,1555.4271240234375,412.30084228515625,1383.8822021484375,3587.059326171875
2024-01-16,817.2183837890625,1536.07958984375,416.44500732421875,1364.5255126953125,3548.008056640625
2024-01-17,748.279296875,1544.223388671875,411.4190979003906,1351.5714111328125,3569.417724609375
2024-01-18,723.2879638671875,1546.483154296875,410.4491882324219,1357.8995361328125,3585.956787109375
2024-01-19,715.744384765625,1562.1116943359375,415.73956298828125,1357.4031982421875,3648.366455078125
2024-01-23,694.6708374023438,1546.0594482421875,404.9823913574219,1318.8138427734375,3569.9033203125
2024-01-24,708.5657958984375,1577.36376953125,408.77386474609375,1334.00146484375,3554.68310546875
2024-01-25,698.3453979492188,1571.432373046875,401.7640686035156,1343.1337890625,3525.536865234375
2024-01-29,707.9574584960938,1559.663818359375,396.6058654785156,1437.4111328125,3516.9326171875
2024-01-30,702.9202880859375,1554.8150634765625,386.2454528808594,1397.2830810546875,3516.51611328125
2024-01-31,711.80224609375,1563.7122802734375,389.3315734863281,1416.1434326171875,3530.7646484375
2024-02-01,713.651611328125,1560.0875244140625,390.52191162109375,1416.1683349609375,3566.109619140625
2024-02-02,703.820556640625,1594.2633056640625,388.0530090332031,1446.990234375,3669.878662109375
2024-02-05,703.1878051757812,1588.4732666015625,386.2454528808594,1428.452392578125,3676.35546875
2024-02-06,702.8228759765625,1628.2509765625,380.38189697265625,1417.3099365234375,3826.89599609375
2024-02-07,695.9362182617188,1594.639892578125,380.7345886230469,1431.554443359375,3778.227294921875
2024-02-08,682.8444213867188,1593.08642578125,371.1029357910156,1439.4708251953125,3825.138427734375
2024-02-09,683.112060546875,1571.667724609375,371.953369140625,1450.0177001953125,3824.76806640625
2024-02-12,676.4932250976562,1581.7886962890625,364.20989990234375,1441.679443359375,3812.739990234375
2024-02-13,678.6588745117188,1585.9783935546875,364.12042236328125,1454.335693359375,3839.386962890625
2024-02-14,673.5974731445312,1568.7020263671875,368.4173583984375,1470.4912109375,3793.67919921875
2024-02-15,688.197998046875,1578.258056640625,361.5691223144531,1459.79541015625,3796.547607421875
2024-02-16,691.0451049804688,1602.07763671875,362.1957702636719,1449.843994140625,3819.77099609375
2024-02-19,689.682373046875,1600.288818359375,366.3584289550781,1463.17041015625,3797.1025390625
2024-02-20,707.7870483398438,1586.6373291015625,363.53857421875,1460.21728515625,3729.419189453125
2024-02-21,700.4137573242188,1558.6754150390625,361.0767822265625,1456.916748046875,3693.1953125
2024-02-22,690.8748168945312,1582.9654541015625,371.013427734375,1470.863525390625,3781.650146484375
2024-02-23,691.3857421875,1578.7288818359375,368.2830810546875,1482.6512451171875,3749.265869140625
2024-02-26,692.213134765625,1563.0059814453125,366.31365966796875,1476.3974609375,3702.03173828125
2024-02-27,691.1668090820312,1566.254150390625,368.05926513671875,1474.73486328125,3797.65771484375
2024-02-28,685.9348754882812,1573.45654296875,365.5079650878906,1444.930419921875,3811.12060546875
2024-02-29,683.0147094726562,1575.9515380859375,363.7175598144531,1450.0675048828125,3789.052734375
2024-03-01,696.3256225585938,1557.875,366.5821838378906,1481.1622314453125,3788.35888671875
2024-03-04,697.2745971679688,1541.39892578125,366.2241516113281,1496.3250732421875,3775.728515625
2024-03-05,701.2411499023438,1512.495361328125,363.58331298828125,1489.177978515625,3712.255859375
2024-03-06,702.0928344726562,1522.8988037109375,365.1051025390625,1491.957275390625,3760.5546875
2024-03-07,703.7962646484375,1521.8631591796875,370.207763671875,1468.059326171875,3801.5439453125
2024-03-11,694.889892578125,1506.9405517578125,366.4927062988281,1455.8248291015625,3814.266357421875
2024-03-12,710.3421630859375,1518.56787109375,362.0615234375,1464.5849609375,3878.942138671875
2024-03-13,710.755859375,1517.1087646484375,378.1749572753906,1421.6527099609375,3838.92431640625
2024-03-14,708.3467407226562,1556.556884765625,375.66845703125,1420.957763671875,3893.14453125
2024-03-15,706.9840698242188,1538.3861083984375,375.1760559082031,1407.80517578125,3903.923828125
2024-03-18,703.7719116210938,1508.870849609375,373.6990051269531,1428.899169921875,3842.163330078125
2024-03-19,705.3779907226562,1470.0814208984375,366.626953125,1414.778564453125,3680.056396484375
2024-03-20,696.4716796875,1463.9619140625,372.1324462890625,1433.1427001953125,3674.134521484375
2024-03-21,703.6258544921875,1463.7264404296875,377.10076904296875,1440.3145751953125,3676.03125
2024-03-22,702.2145385742188,1420.5594482421875,383.680419921875,1444.3348388671875,3618.619140625
2024-03-26,693.7218627929688,1405.3072509765625,382.83001708984375,1430.983642578125,3587.715087890625
2024-03-27,701.1680908203125,1397.022216796875,383.143310546875,1481.8818359375,3553.8505859375
2024-03-28,704.6723022460938,1410.391357421875,383.4566650390625,1474.933349609375,3586.604736328125
2024-04-01,715.67138671875,1407.9434814453125,381.97955322265625,1473.8662109375,3624.031494140625
2024-04-02,720.367919921875,1396.0809326171875,381.2186584472656,1476.025146484375,3593.544189453125
2024-04-03,721.414306640625,1394.0093994140625,380.6367492675781,1460.7880859375,3652.29833984375
2024-04-04,743.4611206054688,1399.7054443359375,378.44354248046875,1452.1767578125,3704.113525390625
2024-04-05,754.1439208984375,1392.5501708984375,382.7405090332031,1449.3724365234375,3681.86083984375
2024-04-08,752.7081298828125,1390.290771484375,384.1280212402344,1475.057373046875,3675.661376953125
2024-04-09,753.6572875976562,1407.378662109375,381.666259765625,1452.896484375,3651.6044921875
2024-04-10,747.7196655273438,1418.62939453125,391.1553039550781,1468.7044677734375,3686.857177734375
2024-04-12,739.251220703125,1397.86962890625,385.023193359375,1456.370849609375,3702.35498046875
2024-04-15,727.4491577148438,1382.2410888671875,381.263427734375,1454.062744140625,3646.654541015625
2024-04-16,734.5304565429688,1331.6832275390625,381.263427734375,1454.98095703125,3583.365966796875
2024-04-18,727.4491577148438,1336.2022705078125,374.9522705078125,1453.5665283203125,3573.373291015625
2024-04-19,745.2619018554688,1328.67041015625,380.2339172363281,1459.323974609375,3540.248779296875
2024-04-22,735.9661254882812,1348.912353515625,380.7262878417969,1468.9774169921875,3575.779052734375
2024-04-23,733.7274169921875,1357.9979248046875,384.2175598144531,1448.603271484375,3585.12451171875
2024-04-24,735.7227783203125,1347.0294189453125,383.9490051269531,1439.5205078125,3544.736328125
2024-04-25,735.260498046875,1354.27880859375,391.69244384765625,1449.2484130859375,3564.305908203125
2024-04-26,734.7981567382812,1346.55859375,393.8856506347656,1441.8780517578125,3535.76171875
2024-04-29,744.3858642578125,1350.7955322265625,392.2743225097656,1454.2613525390625,3580.9609375
2024-04-30,739.8109741210938,1337.42626953125,389.9915466308594,1456.221923828125,3535.113525390625
2024-05-02,745.7242431640625,1331.6832275390625,392.9904479980469,1455.775146484375,3574.576416015625
2024-05-03,739.567626953125,1333.425048828125,390.7076721191406,1423.46435546875,3556.1630859375
2024-05-06,741.0520629882812,1342.46337890625,389.18585205078125,1409.095703125,3628.010498046875
2024-05-07,733.021728515625,1356.6326904296875,394.1989440917969,1391.17822265625,3681.5830078125
2024-05-08,721.5845947265625,1343.78125,394.78082275390625,1408.1278076171875,3679.732421875
2024-05-09,704.4776000976562,1355.3145751953125,380.5472412109375,1383.8822021484375,3664.234375
2024-05-10,709.3616333007812,1341.5218505859375,387.9325866699219,1397.0845947265625,3602.889404296875
2024-05-13,717.9208984375,1340.1566162109375,386.5898132324219,1392.394287109375,3652.761474609375
2024-05-14,720.7328491210938,1341.3333740234375,384.66510009765625,1409.6416015625,3609.643798828125
2024-05-15,709.6575317382812,1336.861328125,382.96429443359375,1405.86962890625,3590.398193359375
2024-05-16,720.3875122070312,1368.3070068359375,386.2317199707031,1414.8778076171875,3635.646484375
2024-05-17,722.286865234375,1359.7864990234375,390.57342529296875,1425.15185546875,3573.343017578125
2024-05-21,719.6722412109375,1350.2305908203125,389.2306213378906,1425.57373046875,3560.388427734375
2024-05-22,719.8695678710938,1369.6722412109375,393.7961730957031,1449.91845703125,3571.3857421875
2024-05-23,736.3468017578125,1386.2421875,395.09417724609375,1475.1319580078125,3628.656494140625
2024-05-24,748.4827270507812,1379.369384765625,390.48388671875,1469.37451171875,3587.6953125
2024-05-27,753.6627807617188,1385.253662109375,386.2764587402344,1455.4774169921875,3585.412353515625
2024-05-28,755.0441284179688,1381.2054443359375,384.0385437011719,1445.501220703125,3578.74853515625
2024-05-29,744.0921630859375,1366.0474853515625,385.7841491699219,1430.1895751953125,3544.963623046875
2024-05-30,747.3234252929688,1343.922607421875,379.42822265625,1414.3814697265625,3482.008056640625
2024-05-31,755.5620727539062,1351.0770263671875,381.7557373046875,1419.8907470703125,3421.288330078125
2024-06-03,775.6160278320312,1350.11669921875,385.24700927734375,1499.228515625,3451.01904296875
2024-06-04,731.684814453125,1338.3526611328125,378.535888671875,1387.0091552734375,3462.34326171875
2024-06-05,765.5520629882812,1373.3563232421875,392.3025207519531,1410.3116455078125,3491.65380859375
2024-06-06,769.4493408203125,1413.833984375,396.9521179199219,1421.0819091796875,3569.89404296875
2024-06-07,776.183349609375,1472.749755859375,400.3710021972656,1459.1500244140625,3629.121826171875
2024-06-10,770.2387084960938,1440.2427978515625,398.3196716308594,1460.5894775390625,3596.26953125
2024-06-11,771.9653930664062,1436.4014892578125,394.7640686035156,1445.9727783203125,3590.11865234375
2024-06-12,776.5780029296875,1426.2701416015625,394.1258544921875,1452.57373046875,3571.05908203125
2024-06-13,779.8340454101562,1434.6729736328125,392.3025207519531,1454.4847412109375,3614.39697265625
2024-06-14,787.80126953125,1429.8233642578125,393.0774230957031,1466.6944580078125,3571.43212890625
2024-06-18,793.1786499023438,1438.7542724609375,390.8893737792969,1470.1439208984375,3555.635009765625
2024-06-19,817.869873046875,1451.382568359375,386.23974609375,1447.9332275390625,3543.146240234375
2024-06-20,823.5431518554688,1455.2718505859375,385.9206237792969,1462.87255859375,3529.67919921875
2024-06-21,821.7671508789062,1471.885498046875,382.54736328125,1443.515869140625,3551.580810546875
2024-06-24,825.0478515625,1466.5556640625,385.9206237792969,1430.88427734375,3557.219482421875
2024-06-25,844.2631225585938,1480.7684326171875,385.9206237792969,1443.46630859375,3577.39697265625
2024-06-26,839.40380859375,1479.5679931640625,386.51324462890625,1502.9013671875,3593.614013671875
2024-06-27,836.7644653320312,1510.9224853515625,388.0175476074219,1519.3050537109375,3666.58837890625
2024-06-28,830.6718139648438,1504.5843505859375,387.3793640136719,1553.89892578125,3638.628662109375
2024-07-01,841.2291259765625,1527.68017578125,391.16290283203125,1548.6875,3707.642333984375
2024-07-02,853.7597045898438,1556.7301025390625,387.9263610839844,1553.675537109375,3744.17626953125
2024-07-03,872.5310668945312,1562.8280029296875,390.4790954589844,1541.019287109375,3695.5732421875
2024-07-04,852.0578002929688,1585.155517578125,391.16290283203125,1542.6075439453125,3747.48486328125
2024-07-05,813.0598754882812,1582.0823974609375,395.3567199707031,1576.9532470703125,3738.957275390625
2024-07-08,806.7698974609375,1595.718994140625,404.42803955078125,1589.1380615234375,3721.6220703125
2024-07-09,807.3372192382812,1591.3975830078125,412.63330078125,1578.5911865234375,3714.445556640625
2024-07-10,802.2066040039062,1582.8507080078125,411.5848693847656,1572.5855712890625,3643.28857421875
2024-07-11,800.1345825195312,1587.1241455078125,418.1490478515625,1569.036865234375,3656.849365234375
2024-07-12,800.5292358398438,1643.8311767578125,418.51373291015625,1584.9937744140625,3899.39990234375
2024-07-15,800.2332763671875,1639.317626953125,422.4796142578125,1585.4901123046875,3885.65283203125
2024-07-16,799.073974609375,1657.563720703125,424.4397277832031,1564.669189453125,3894.2734375
2024-07-18,796.6319580078125,1688.2940673828125,428.7247009277344,1575.0177001953125,4022.04931640625
2024-07-19,792.9320068359375,1721.8092041015625,432.6449890136719,1543.7242431640625,4019.106201171875
2024-07-22,810.3218994140625,1738.9989013671875,425.3514709472656,1489.6495361328125,4005.0478515625
2024-07-23,798.407958984375,1764.0155029296875,448.7364196777344,1476.96826171875,4019.060302734375
2024-07-24,791.3286743164062,1761.182373046875,450.4230651855469,1484.7109375,4022.70263671875
2024-07-25,797.5199584960938,1752.4434814453125,446.68511962890625,1481.435302734375,4037.883056640625
2024-07-26,798.2846069335938,1804.3489990234375,457.8533935546875,1497.9381103515625,4098.93017578125
2024-07-29,791.822021484375,1796.8583984375,452.2464904785156,1508.931640625,4092.625
2024-07-30,797.001953125,1802.6683349609375,446.6395568847656,1502.0328369140625,4077.91162109375
2024-07-31,797.1005859375,1794.1214599609375,451.6082763671875,1494.364501953125,4096.59521484375
2024-08-01,808.471923828125,1779.0924072265625,450.10400390625,1504.1671142578125,4107.5712890625
2024-08-02,818.5111694335938,1748.9383544921875,445.9101867675781,1488.309326171875,4001.030517578125
2024-08-05,797.1005859375,1682.3880615234375,443.08392333984375,1436.69140625,3881.45947265625
2024-08-06,789.922607421875,1681.6197509765625,443.357421875,1445.352294921875,3896.545654296875
2024-08-07,800.9238891601562,1720.5609130859375,449.1466979980469,1454.062744140625,3923.869384765625
2024-08-08,810.3958740234375,1673.9853515625,451.061279296875,1438.4781494140625,3897.806884765625
2024-08-09,814.0958251953125,1700.4901123046875,452.1097412109375,1463.46826171875,3950.306640625
2024-08-12,818.9798583984375,1726.082763671875,450.9245300292969,1449.8936767578125,3919.38525390625
2024-08-13,790.9092407226562,1726.130615234375,446.730712890625,1452.8717041015625,3920.600830078125
2024-08-14,793.1786499023438,1750.9071044921875,448.7364196777344,1451.109619140625,4012.427001953125
2024-08-16,805.1666259765625,1785.1904296875,458.263671875,1467.339599609375,4125.27294921875
2024-08-19,804.895263671875,1790.8084716796875,457.16961669921875,1482.4791259765625,4194.35400390625
2024-08-20,807.9292602539062,1797.914794921875,454.75360107421875,1489.9990234375,4225.46142578125
2024-08-21,802.0586547851562,1798.394775390625,460.7708435058594,1492.7132568359375,4251.8046875
2024-08-22,804.77197265625,1805.6453857421875,459.9958801269531,1492.1654052734375,4205.56396484375
2024-08-23,801.6885986328125,1788.215576171875,461.1354675292969,1494.008056640625,4169.97314453125
2024-08-26,809.0392456054688,1801.7081298828125,461.0442810058594,1506.5828857421875,4205.98388671875
2024-08-27,807.9539184570312,1824.7076416015625,456.3946533203125,1494.481201171875,4201.033203125
2024-08-28,807.6332397460938,1862.1602783203125,453.3860778808594,1492.33984375,4209.34765625
2024-08-29,808.3485717773438,1856.638427734375,460.497314453125,1514.874755859375,4214.71923828125
2024-08-30,807.5346069335938,1866.5777587890625,457.5798645019531,1503.6197509765625,4253.90625
2024-09-02,802.6258544921875,1886.552490234375,465.01019287109375,1510.2183837890625,4223.359375
2024-09-03,807.756591796875,1864.22509765625,464.4176330566406,1503.1217041015625,4215.232421875
2024-09-04,809.951904296875,1846.1708984375,461.6369323730469,1508.525146484375,4184.3115234375
2024-09-05,811.7525024414062,1856.4464111328125,466.05865478515625,1487.035888671875,4181.22900390625
2024-09-06,807.5592041015625,1826.3883056640625,457.3975524902344,1458.997802734375,4163.29345703125
2024-09-09,812.2705688476562,1819.47412109375,466.56011962890625,1456.63232421875,4156.5673828125
2024-09-10,814.1698608398438,1836.4237060546875,468.2467041015625,1455.7110595703125,4211.029296875
2024-09-11,810.9879150390625,1834.3590087890625,468.93048095703125,1445.7259521484375,4184.40576171875
2024-09-12,822.1865234375,1873.06005859375,473.6257019042969,1473.913330078125,4220.22998046875
2024-09-13,821.8658447265625,1866.9617919921875,468.4746398925781,1466.766845703125,4224.8076171875
2024-09-16,824.3324584960938,1872.867919921875,465.9674987792969,1465.4969482421875,4216.07373046875
2024-09-17,823.2718505859375,1875.0767822265625,462.9132995605469,1466.4432373046875,4208.9736328125
2024-09-18,836.0984497070312,1817.0732421875,462.5486145019531,1457.6282958984375,4059.9765625
2024-09-19,842.8571166992188,1819.041748046875,463.3691711425781,1463.82861328125,4013.26806640625
2024-09-20,858.989013671875,1830.133544921875,468.97607421875,1480.0140380859375,4002.7587890625
2024-09-23,868.1651000976562,1821.2025146484375,471.3008728027344,1487.434326171875,3987.43896484375
2024-09-24,872.2350463867188,1823.2672119140625,469.75103759765625,1483.4501953125,3990.05419921875
2024-09-25,877.686279296875,1820.098388671875,471.8479309082031,1488.0069580078125,3993.277587890625
2024-09-26,879.8323364257812,1824.8516845703125,476.5887145996094,1491.9910888671875,4009.85888671875
2024-09-27,864.6376953125,1831.093994140625,476.5431213378906,1520.1038818359375,4024.9921875
2024-09-30,854.47509765625,1801.179931640625,472.3949279785156,1470.701171875,3987.43896484375
2024-10-01,851.5890502929688,1828.7891845703125,470.61712646484375,1458.997802734375,4005.561767578125
2024-10-03,829.7838134765625,1818.2735595703125,467.4718017578125,1401.3780517578125,3954.043212890625
2024-10-04,817.771240234375,1842.0416259765625,459.0841979980469,1381.0093994140625,3972.259033203125
2024-10-07,798.1119384765625,1857.5509033203125,465.1469421386719,1365.272216796875,3991.50244140625
2024-10-08,814.5152587890625,1871.2353515625,463.0956115722656,1391.791259765625,3973.193359375
2024-10-09,805.6845703125,1875.2686767578125,448.28057861328125,1369.1318359375,3972.912841796875
2024-10-10,820.114501953125,1842.8577880859375,448.59967041015625,1365.595947265625,3949.044677734375
2024-10-11,814.4905395507812,1858.3189697265625,445.08966064453125,1366.6417236328125,3875.994384765625
2024-10-14,832.7931518554688,1881.1746826171875,453.0669860839844,1367.0650634765625,3864.27099609375
2024-10-15,830.81982421875,1881.558837890625,454.52569580078125,1338.678466796875,3845.727294921875
2024-10-16,838.565185546875,1843.9141845703125,449.64813232421875,1348.6884765625,3825.316162109375
2024-10-17,825.4178466796875,1890.0096435546875,445.72784423828125,1351.0291748046875,3838.441162109375
2024-10-18,829.7098388671875,1805.0211181640625,443.72210693359375,1353.8927001953125,3860.96240234375
2024-10-21,852.8223876953125,1779.236572265625,440.9414367675781,1363.7532958984375,3820.508544921875
2024-10-22,845.841796875,1778.132080078125,439.2547912597656,1338.006103515625,3760.249267578125
2024-10-23,856.3251342773438,1799.067138671875,437.9328308105469,1333.2003173828125,3807.773193359375
2024-10-24,863.15771484375,1789.415771484375,430.04669189453125,1334.4703369140625,3790.58935546875
2024-10-25,860.0744018554688,1788.16748046875,439.7106628417969,1322.5677490234375,3799.626220703125
2024-10-28,855.5357055664062,1791.3365478515625,441.39727783203125,1329.0418701171875,3830.809326171875
2024-10-29,864.2430419921875,1786.4317626953125,444.8617248535156,1334.66943359375,3816.200927734375
2024-10-30,855.7330322265625,1750.301025390625,448.1438293457031,1338.553955078125,3825.003173828125
2024-10-31,856.2757568359375,1706.740234375,445.6366882324219,1326.7510986328125,3716.18994140625
2024-11-01,857.0650634765625,1710.236572265625,447.00421142578125,1333.3248291015625,3730.9384765625
2024-11-04,845.6197509765625,1712.9561767578125,441.80755615234375,1296.9700927734375,3712.162841796875
2024-11-05,867.2030029296875,1703.7777099609375,437.7961120605469,1300.1075439453125,3718.905517578125
2024-11-06,865.9203491210938,1771.2801513671875,438.61663818359375,1320.0777587890625,3876.5068359375
2024-11-07,861.62841796875,1751.2237548828125,435.69915771484375,1300.4561767578125,3887.0419921875
2024-11-08,865.525634765625,1777.3504638671875,435.8359375,1278.6431884765625,3883.39013671875
2024-11-11,871.3717041015625,1806.6337890625,434.83306884765625,1267.6370849609375,3931.8037109375
2024-11-12,847.6424560546875,1815.083740234375,431.09515380859375,1269.1810302734375,3930.585693359375
2024-11-13,829.463134765625,1814.6953125,430.50250244140625,1247.0693359375,3886.52685546875
2024-11-14,835.087158203125,1810.9559326171875,424.8044128417969,1262.5574951171875,3882.35986328125
2024-11-18,841.1797485351562,1759.3822021484375,425.3514709472656,1255.7347412109375,3763.99462890625
2024-11-19,859.507080078125,1772.2999267578125,426.0807800292969,1236.710693359375,3782.77001953125
2024-11-21,858.989013671875,1781.3326416015625,416.7815246582031,1218.1348876953125,3813.953125
2024-11-22,861.15966796875,1847.572265625,432.7361755371094,1260.3662109375,3974.78564453125
2024-11-25,880.8929443359375,1835.383056640625,434.6963195800781,1281.8802490234375,4040.804931640625
2024-11-26,880.8683471679688,1868.8427734375,434.878662109375,1290.545654296875,4076.01416015625
2024-11-27,894.06494140625,1869.1827392578125,434.83306884765625,1288.0555419921875,4057.1455078125
2024-11-28,884.6176147460938,1803.282958984375,432.964111328125,1265.7447509765625,3975.066650390625
2024-11-29,886.04833984375,1804.448486328125,434.6507568359375,1287.0595703125,3999.367431640625
2024-12-02,890.3156127929688,1825.7677001953125,435.06103515625,1303.9422607421875,4004.798583984375
2024-12-03,900.9715576171875,1837.7139892578125,430.82159423828125,1318.035888671875,4029.239990234375
2024-12-04,917.6461791992188,1834.9459228515625,425.8528747558594,1303.742919921875,4077.6064453125
2024-12-05,920.4335327148438,1879.2352294921875,426.2175598144531,1316.7908935546875,4180.2861328125
2024-12-06,915.5494995117188,1867.1431884765625,429.54522705078125,1306.3326416015625,4162.916015625
2024-12-09,922.5302124023438,1868.357177734375,423.8927307128906,1289.9979248046875,4169.142578125
2024-12-10,921.5928344726562,1892.54150390625,424.34857177734375,1279.73876953125,4150.7890625
2024-12-11,919.1261596679688,1917.4056396484375,424.166259765625,1273.115234375,4146.01318359375
2024-12-12,917.2268676757812,1929.88623046875,419.9268493652344,1257.876220703125,4171.7646484375
2024-12-13,923.3934936523438,1942.22119140625,428.4967956542969,1267.78662109375,4189.5107421875
2024-12-16,920.1621704101562,1923.1361083984375,428.58795166015625,1263.2547607421875,4134.54150390625
2024-12-17,904.4002685546875,1919.7852783203125,428.0865478515625,1240.34619140625,4053.352783203125
2024-12-18,893.275634765625,1922.261962890625,428.9526672363281,1248.2645263671875,4071.47216796875
2024-12-19,884.790283203125,1890.259033203125,425.3514709472656,1225.55517578125,4000.350341796875
2024-12-20,873.93701171875,1866.9002685546875,423.6192321777344,1200.50537109375,3905.208984375
2024-12-23,888.4902954101562,1868.988525390625,432.37152099609375,1217.437744140625,3893.971435546875
2024-12-24,887.0596313476562,1854.1768798828125,436.20062255859375,1217.8858642578125,3913.823974609375
2024-12-26,883.4336547851562,1852.5743408203125,434.83306884765625,1211.7105712890625,3904.085205078125
2024-12-27,887.1336669921875,1861.655517578125,436.3373718261719,1216.1927490234375,3900.10546875
2024-12-30,877.0943603515625,1851.2144775390625,434.878662109375,1205.8837890625,3894.439453125
